batch,condition_order,condition,source_condition,encoding,source_row,n,method,round,reps,wall,cpu,calls,transitions
ordering_2026-09-12,0,case_01_recent,law0_recent,recent,0,512,BINARY,0,4,0.02415269985795021,0.015625,6144,76740
ordering_2026-09-12,0,case_01_recent,law0_recent,recent,1,4096,MERGE,0,4,0.04162980057299137,0.046875,49152,614449
ordering_2026-09-12,0,case_01_recent,law0_recent,recent,2,512,STATIC_ANTI,0,32,0.016022599302232265,0.015625,49152,615022
ordering_2026-09-12,0,case_01_recent,law0_recent,recent,3,4096,STATIC_CRN,0,32,0.04209059942513704,0.046875,393216,4911798
ordering_2026-09-12,0,case_01_recent,law0_recent,recent,4,512,STATIC_CRN,0,32,0.014911700040102005,0.015625,49152,611753
ordering_2026-09-12,0,case_01_recent,law0_recent,recent,5,4096,BINARY,0,4,0.12061650026589632,0.109375,49152,614449
ordering_2026-09-12,0,case_01_recent,law0_recent,recent,6,4096,STATIC_ANTI,0,32,0.03995849937200546,0.046875,393216,4919677
ordering_2026-09-12,0,case_01_recent,law0_recent,recent,7,512,MERGE,0,4,0.013361799530684948,0.015625,6144,76740
ordering_2026-09-12,0,case_01_recent,law0_recent,recent,8,512,STATIC_ANTI,1,32,0.01423330046236515,0.015625,49152,609159
ordering_2026-09-12,0,case_01_recent,law0_recent,recent,9,4096,STATIC_ANTI,1,32,0.038838500156998634,0.03125,393216,4914452
ordering_2026-09-12,0,case_01_recent,law0_recent,recent,10,512,MERGE,1,4,0.013242600485682487,0.015625,6144,76760
ordering_2026-09-12,0,case_01_recent,law0_recent,recent,11,512,STATIC_CRN,1,32,0.013771500438451767,0.015625,49152,613505
ordering_2026-09-12,0,case_01_recent,law0_recent,recent,12,512,BINARY,1,4,0.021290299482643604,0.015625,6144,76760
ordering_2026-09-12,0,case_01_recent,law0_recent,recent,13,4096,STATIC_CRN,1,32,0.03960149921476841,0.046875,393216,4909710
ordering_2026-09-12,0,case_01_recent,law0_recent,recent,14,4096,MERGE,1,4,0.03715050034224987,0.03125,49152,614453
ordering_2026-09-12,0,case_01_recent,law0_recent,recent,15,4096,BINARY,1,4,0.11491839960217476,0.09375,49152,614453
ordering_2026-09-12,0,case_01_recent,law0_recent,recent,16,512,STATIC_CRN,2,32,0.013567299582064152,0.015625,49152,615537
ordering_2026-09-12,0,case_01_recent,law0_recent,recent,17,512,STATIC_ANTI,2,32,0.014074000529944897,0.015625,49152,614815
ordering_2026-09-12,0,case_01_recent,law0_recent,recent,18,512,BINARY,2,4,0.020962100476026535,0.015625,6144,76826
ordering_2026-09-12,0,case_01_recent,law0_recent,recent,19,4096,STATIC_CRN,2,32,0.038412599824368954,0.03125,393216,4912101
ordering_2026-09-12,0,case_01_recent,law0_recent,recent,20,4096,MERGE,2,4,0.03594820015132427,0.03125,49152,614525
ordering_2026-09-12,0,case_01_recent,law0_recent,recent,21,4096,STATIC_ANTI,2,32,0.03789149969816208,0.03125,393216,4917171
ordering_2026-09-12,0,case_01_recent,law0_recent,recent,22,4096,BINARY,2,4,0.11435460019856691,0.109375,49152,614525
ordering_2026-09-12,0,case_01_recent,law0_recent,recent,23,512,MERGE,2,4,0.013348800130188465,0.015625,6144,76826
ordering_2026-09-12,0,case_01_recent,law0_recent,recent,24,4096,BINARY,3,4,0.11475490033626556,0.125,49152,614500
ordering_2026-09-12,0,case_01_recent,law0_recent,recent,25,4096,STATIC_ANTI,3,32,0.04015070013701916,0.03125,393216,4921243
ordering_2026-09-12,0,case_01_recent,law0_recent,recent,26,512,BINARY,3,4,0.021636500023305416,0.015625,6144,76647
ordering_2026-09-12,0,case_01_recent,law0_recent,recent,27,512,MERGE,3,4,0.014426999725401402,0.015625,6144,76647
ordering_2026-09-12,0,case_01_recent,law0_recent,recent,28,512,STATIC_CRN,3,32,0.014172100462019444,0.015625,49152,615778
ordering_2026-09-12,0,case_01_recent,law0_recent,recent,29,4096,STATIC_CRN,3,32,0.03877109941095114,0.03125,393216,4902821
ordering_2026-09-12,0,case_01_recent,law0_recent,recent,30,512,STATIC_ANTI,3,32,0.014785600826144218,0.015625,49152,616574
ordering_2026-09-12,0,case_01_recent,law0_recent,recent,31,4096,MERGE,3,4,0.03718560002744198,0.03125,49152,614500
ordering_2026-09-12,0,case_01_recent,law0_recent,recent,32,4096,BINARY,4,4,0.11778930015861988,0.109375,49152,614450
ordering_2026-09-12,0,case_01_recent,law0_recent,recent,33,512,BINARY,4,4,0.02182929962873459,0.015625,6144,76712
ordering_2026-09-12,0,case_01_recent,law0_recent,recent,34,512,STATIC_CRN,4,32,0.013686399906873703,0.015625,49152,614778
ordering_2026-09-12,0,case_01_recent,law0_recent,recent,35,512,STATIC_ANTI,4,32,0.014844000339508057,0.015625,49152,617010
ordering_2026-09-12,0,case_01_recent,law0_recent,recent,36,4096,STATIC_ANTI,4,32,0.038287400268018246,0.03125,393216,4914936
ordering_2026-09-12,0,case_01_recent,law0_recent,recent,37,4096,MERGE,4,4,0.0375918997451663,0.046875,49152,614450
ordering_2026-09-12,0,case_01_recent,law0_recent,recent,38,4096,STATIC_CRN,4,32,0.03816569969058037,0.046875,393216,4916665
ordering_2026-09-12,0,case_01_recent,law0_recent,recent,39,512,MERGE,4,4,0.01458979956805706,0.015625,6144,76712
ordering_2026-09-12,1,case_01_distant,law0_distant,distant,0,512,MERGE,0,4,0.01328479964286089,0.015625,6144,76790
ordering_2026-09-12,1,case_01_distant,law0_distant,distant,1,512,STATIC_CRN,0,32,0.013949600048363209,0.0,49152,619576
ordering_2026-09-12,1,case_01_distant,law0_distant,distant,2,4096,STATIC_CRN,0,32,0.03981960006058216,0.046875,393216,4923316
ordering_2026-09-12,1,case_01_distant,law0_distant,distant,3,4096,MERGE,0,4,0.03996670059859753,0.03125,49152,614412
ordering_2026-09-12,1,case_01_distant,law0_distant,distant,4,512,STATIC_ANTI,0,32,0.015036100521683693,0.015625,49152,616061
ordering_2026-09-12,1,case_01_distant,law0_distant,distant,5,4096,BINARY,0,4,0.13768460042774677,0.0625,49152,614412
ordering_2026-09-12,1,case_01_distant,law0_distant,distant,6,4096,STATIC_ANTI,0,32,0.04043950047343969,0.015625,393216,4898286
ordering_2026-09-12,1,case_01_distant,law0_distant,distant,7,512,BINARY,0,4,0.021809199824929237,0.03125,6144,76790
ordering_2026-09-12,1,case_01_distant,law0_distant,distant,8,4096,MERGE,1,4,0.0381947997957468,0.046875,49152,614492
ordering_2026-09-12,1,case_01_distant,law0_distant,distant,9,4096,STATIC_ANTI,1,32,0.040341099724173546,0.03125,393216,4910985
ordering_2026-09-12,1,case_01_distant,law0_distant,distant,10,4096,BINARY,1,4,0.11661119945347309,0.109375,49152,614492
ordering_2026-09-12,1,case_01_distant,law0_distant,distant,11,512,MERGE,1,4,0.013362899422645569,0.015625,6144,76832
ordering_2026-09-12,1,case_01_distant,law0_distant,distant,12,512,STATIC_ANTI,1,32,0.0143696004524827,0.015625,49152,611348
ordering_2026-09-12,1,case_01_distant,law0_distant,distant,13,512,BINARY,1,4,0.022058499976992607,0.015625,6144,76832
ordering_2026-09-12,1,case_01_distant,law0_distant,distant,14,512,STATIC_CRN,1,32,0.013811799697577953,0.015625,49152,614404
ordering_2026-09-12,1,case_01_distant,law0_distant,distant,15,4096,STATIC_CRN,1,32,0.038872599601745605,0.046875,393216,4921670
ordering_2026-09-12,1,case_01_distant,law0_distant,distant,16,512,STATIC_ANTI,2,32,0.014392299577593803,0.015625,49152,615464
ordering_2026-09-12,1,case_01_distant,law0_distant,distant,17,4096,BINARY,2,4,0.11623340006917715,0.09375,49152,614405
ordering_2026-09-12,1,case_01_distant,law0_distant,distant,18,512,STATIC_CRN,2,32,0.014059499837458134,0.0,49152,616422
ordering_2026-09-12,1,case_01_distant,law0_distant,distant,19,4096,STATIC_ANTI,2,32,0.03870939929038286,0.046875,393216,4908665
ordering_2026-09-12,1,case_01_distant,law0_distant,distant,20,4096,STATIC_CRN,2,32,0.03779350034892559,0.03125,393216,4912008
ordering_2026-09-12,1,case_01_distant,law0_distant,distant,21,4096,MERGE,2,4,0.035782599821686745,0.03125,49152,614405
ordering_2026-09-12,1,case_01_distant,law0_distant,distant,22,512,MERGE,2,4,0.013133400119841099,0.015625,6144,76846
ordering_2026-09-12,1,case_01_distant,law0_distant,distant,23,512,BINARY,2,4,0.020820200443267822,0.015625,6144,76846
ordering_2026-09-12,1,case_01_distant,law0_distant,distant,24,512,STATIC_ANTI,3,32,0.014069899916648865,0.015625,49152,612889
ordering_2026-09-12,1,case_01_distant,law0_distant,distant,25,4096,STATIC_ANTI,3,32,0.038156500086188316,0.03125,393216,4937461
ordering_2026-09-12,1,case_01_distant,law0_distant,distant,26,4096,BINARY,3,4,0.11790750082582235,0.078125,49152,614359
ordering_2026-09-12,1,case_01_distant,law0_distant,distant,27,512,MERGE,3,4,0.01328049972653389,0.0,6144,76905
ordering_2026-09-12,1,case_01_distant,law0_distant,distant,28,4096,MERGE,3,4,0.03765220008790493,0.015625,49152,614359
ordering_2026-09-12,1,case_01_distant,law0_distant,distant,29,4096,STATIC_CRN,3,32,0.03808890003710985,0.046875,393216,4919186
ordering_2026-09-12,1,case_01_distant,law0_distant,distant,30,512,BINARY,3,4,0.02114420011639595,0.015625,6144,76905
ordering_2026-09-12,1,case_01_distant,law0_distant,distant,31,512,STATIC_CRN,3,32,0.013512499630451202,0.03125,49152,614826
ordering_2026-09-12,1,case_01_distant,law0_distant,distant,32,512,STATIC_ANTI,4,32,0.013990900479257107,0.015625,49152,621835
ordering_2026-09-12,1,case_01_distant,law0_distant,distant,33,4096,BINARY,4,4,0.11319360043853521,0.078125,49152,614559
ordering_2026-09-12,1,case_01_distant,law0_distant,distant,34,4096,STATIC_CRN,4,32,0.038009400479495525,0.046875,393216,4906802
ordering_2026-09-12,1,case_01_distant,law0_distant,distant,35,4096,MERGE,4,4,0.03608980029821396,0.046875,49152,614559
ordering_2026-09-12,1,case_01_distant,law0_distant,distant,36,512,BINARY,4,4,0.021243800409138203,0.015625,6144,76810
ordering_2026-09-12,1,case_01_distant,law0_distant,distant,37,4096,STATIC_ANTI,4,32,0.03801009990274906,0.03125,393216,4920652
ordering_2026-09-12,1,case_01_distant,law0_distant,distant,38,512,MERGE,4,4,0.013873900286853313,0.015625,6144,76810
ordering_2026-09-12,1,case_01_distant,law0_distant,distant,39,512,STATIC_CRN,4,32,0.013621400110423565,0.015625,49152,617459
ordering_2026-09-12,2,case_02_recent,law1_recent,recent,0,4096,BINARY,0,4,0.11585009936243296,0.109375,49152,616383
ordering_2026-09-12,2,case_02_recent,law1_recent,recent,1,512,BINARY,0,4,0.021339500322937965,0.015625,6144,76959
ordering_2026-09-12,2,case_02_recent,law1_recent,recent,2,512,STATIC_ANTI,0,32,0.014457800425589085,0.015625,49152,617140
ordering_2026-09-12,2,case_02_recent,law1_recent,recent,3,4096,STATIC_ANTI,0,32,0.03958369977772236,0.046875,393216,4921832
ordering_2026-09-12,2,case_02_recent,law1_recent,recent,4,512,MERGE,0,4,0.01318269968032837,0.0,6144,76959
ordering_2026-09-12,2,case_02_recent,law1_recent,recent,5,512,STATIC_CRN,0,32,0.013856499455869198,0.015625,49152,608952
ordering_2026-09-12,2,case_02_recent,law1_recent,recent,6,4096,STATIC_CRN,0,32,0.03957080002874136,0.046875,393216,4922406
ordering_2026-09-12,2,case_02_recent,law1_recent,recent,7,4096,MERGE,0,4,0.03701240010559559,0.03125,49152,616383
ordering_2026-09-12,2,case_02_recent,law1_recent,recent,8,4096,STATIC_CRN,1,32,0.0393066992983222,0.046875,393216,4932383
ordering_2026-09-12,2,case_02_recent,law1_recent,recent,9,512,STATIC_CRN,1,32,0.014044900424778461,0.015625,49152,615728
ordering_2026-09-12,2,case_02_recent,law1_recent,recent,10,4096,STATIC_ANTI,1,32,0.039797999896109104,0.03125,393216,4923708
ordering_2026-09-12,2,case_02_recent,law1_recent,recent,11,4096,BINARY,1,4,0.11574769951403141,0.109375,49152,616384
ordering_2026-09-12,2,case_02_recent,law1_recent,recent,12,512,STATIC_ANTI,1,32,0.014108799397945404,0.015625,49152,619064
ordering_2026-09-12,2,case_02_recent,law1_recent,recent,13,512,MERGE,1,4,0.013561500236392021,0.015625,6144,77108
ordering_2026-09-12,2,case_02_recent,law1_recent,recent,14,4096,MERGE,1,4,0.03645739983767271,0.03125,49152,616384
ordering_2026-09-12,2,case_02_recent,law1_recent,recent,15,512,BINARY,1,4,0.02068719919770956,0.015625,6144,77108
ordering_2026-09-12,2,case_02_recent,law1_recent,recent,16,512,STATIC_CRN,2,32,0.013618200086057186,0.015625,49152,612734
ordering_2026-09-12,2,case_02_recent,law1_recent,recent,17,512,BINARY,2,4,0.020735199563205242,0.03125,6144,77131
ordering_2026-09-12,2,case_02_recent,law1_recent,recent,18,4096,STATIC_CRN,2,32,0.038691299967467785,0.03125,393216,4935544
ordering_2026-09-12,2,case_02_recent,law1_recent,recent,19,512,STATIC_ANTI,2,32,0.013980299234390259,0.015625,49152,620042
ordering_2026-09-12,2,case_02_recent,law1_recent,recent,20,4096,MERGE,2,4,0.036352300085127354,0.03125,49152,616421
ordering_2026-09-12,2,case_02_recent,law1_recent,recent,21,4096,STATIC_ANTI,2,32,0.03940320014953613,0.03125,393216,4924008
ordering_2026-09-12,2,case_02_recent,law1_recent,recent,22,512,MERGE,2,4,0.015017000027000904,0.015625,6144,77131
ordering_2026-09-12,2,case_02_recent,law1_recent,recent,23,4096,BINARY,2,4,0.11307960003614426,0.109375,49152,616421
ordering_2026-09-12,2,case_02_recent,law1_recent,recent,24,4096,STATIC_ANTI,3,32,0.03872079961001873,0.03125,393216,4945694
ordering_2026-09-12,2,case_02_recent,law1_recent,recent,25,4096,BINARY,3,4,0.11782809998840094,0.109375,49152,616431
ordering_2026-09-12,2,case_02_recent,law1_recent,recent,26,512,BINARY,3,4,0.021408299915492535,0.015625,6144,77079
ordering_2026-09-12,2,case_02_recent,law1_recent,recent,27,512,MERGE,3,4,0.013133800588548183,0.015625,6144,77079
ordering_2026-09-12,2,case_02_recent,law1_recent,recent,28,4096,STATIC_CRN,3,32,0.03970499988645315,0.03125,393216,4938143
ordering_2026-09-12,2,case_02_recent,law1_recent,recent,29,4096,MERGE,3,4,0.03648710064589977,0.03125,49152,616431
ordering_2026-09-12,2,case_02_recent,law1_recent,recent,30,512,STATIC_ANTI,3,32,0.014432200230658054,0.015625,49152,618790
ordering_2026-09-12,2,case_02_recent,law1_recent,recent,31,512,STATIC_CRN,3,32,0.013983000069856644,0.015625,49152,619730
ordering_2026-09-12,2,case_02_recent,law1_recent,recent,32,512,STATIC_ANTI,4,32,0.014431999996304512,0.015625,49152,613730
ordering_2026-09-12,2,case_02_recent,law1_recent,recent,33,4096,BINARY,4,4,0.11708940006792545,0.109375,49152,616274
ordering_2026-09-12,2,case_02_recent,law1_recent,recent,34,512,BINARY,4,4,0.022485699504613876,0.0,6144,77128
ordering_2026-09-12,2,case_02_recent,law1_recent,recent,35,4096,STATIC_CRN,4,32,0.04132489953190088,0.046875,393216,4915721
ordering_2026-09-12,2,case_02_recent,law1_recent,recent,36,512,STATIC_CRN,4,32,0.01478820014744997,0.015625,49152,617785
ordering_2026-09-12,2,case_02_recent,law1_recent,recent,37,4096,MERGE,4,4,0.03881410043686628,0.03125,49152,616274
ordering_2026-09-12,2,case_02_recent,law1_recent,recent,38,512,MERGE,4,4,0.013428599573671818,0.015625,6144,77128
ordering_2026-09-12,2,case_02_recent,law1_recent,recent,39,4096,STATIC_ANTI,4,32,0.040052699856460094,0.046875,393216,4923974
ordering_2026-09-12,3,case_02_distant,law1_distant,distant,0,4096,MERGE,0,4,0.0413653003051877,0.03125,49152,616334
ordering_2026-09-12,3,case_02_distant,law1_distant,distant,1,512,STATIC_CRN,0,32,0.014254199340939522,0.015625,49152,615516
ordering_2026-09-12,3,case_02_distant,law1_distant,distant,2,4096,STATIC_CRN,0,32,0.04071830026805401,0.046875,393216,4943995
ordering_2026-09-12,3,case_02_distant,law1_distant,distant,3,512,MERGE,0,4,0.013482300564646721,0.015625,6144,77142
ordering_2026-09-12,3,case_02_distant,law1_distant,distant,4,512,BINARY,0,4,0.021598700433969498,0.015625,6144,77142
ordering_2026-09-12,3,case_02_distant,law1_distant,distant,5,4096,STATIC_ANTI,0,32,0.04020759928971529,0.03125,393216,4922482
ordering_2026-09-12,3,case_02_distant,law1_distant,distant,6,4096,BINARY,0,4,0.1798415994271636,0.15625,49152,616334
ordering_2026-09-12,3,case_02_distant,law1_distant,distant,7,512,STATIC_ANTI,0,32,0.016424999572336674,0.015625,49152,612056
ordering_2026-09-12,3,case_02_distant,law1_distant,distant,8,512,STATIC_ANTI,1,32,0.016348499804735184,0.015625,49152,618566
ordering_2026-09-12,3,case_02_distant,law1_distant,distant,9,512,BINARY,1,4,0.024013299494981766,0.03125,6144,76982
ordering_2026-09-12,3,case_02_distant,law1_distant,distant,10,4096,MERGE,1,4,0.04088169988244772,0.03125,49152,616425
ordering_2026-09-12,3,case_02_distant,law1_distant,distant,11,512,MERGE,1,4,0.015226200222969055,0.015625,6144,76982
ordering_2026-09-12,3,case_02_distant,law1_distant,distant,12,512,STATIC_CRN,1,32,0.01539550069719553,0.015625,49152,617935
ordering_2026-09-12,3,case_02_distant,law1_distant,distant,13,4096,BINARY,1,4,0.12405049987137318,0.109375,49152,616425
ordering_2026-09-12,3,case_02_distant,law1_distant,distant,14,4096,STATIC_CRN,1,32,0.042641500011086464,0.046875,393216,4923367
ordering_2026-09-12,3,case_02_distant,law1_distant,distant,15,4096,STATIC_ANTI,1,32,0.04105080012232065,0.046875,393216,4913980
ordering_2026-09-12,3,case_02_distant,law1_distant,distant,16,4096,BINARY,2,4,0.11790670081973076,0.09375,49152,616393
ordering_2026-09-12,3,case_02_distant,law1_distant,distant,17,512,BINARY,2,4,0.02128839958459139,0.03125,6144,77032
ordering_2026-09-12,3,case_02_distant,law1_distant,distant,18,4096,STATIC_CRN,2,32,0.039482600055634975,0.03125,393216,4929549
ordering_2026-09-12,3,case_02_distant,law1_distant,distant,19,512,STATIC_ANTI,2,32,0.014529500156641006,0.015625,49152,616254
ordering_2026-09-12,3,case_02_distant,law1_distant,distant,20,512,MERGE,2,4,0.013448900543153286,0.015625,6144,77032
ordering_2026-09-12,3,case_02_distant,law1_distant,distant,21,4096,STATIC_ANTI,2,32,0.039322299882769585,0.03125,393216,4928182
ordering_2026-09-12,3,case_02_distant,law1_distant,distant,22,4096,MERGE,2,4,0.03842400014400482,0.03125,49152,616393
ordering_2026-09-12,3,case_02_distant,law1_distant,distant,23,512,STATIC_CRN,2,32,0.013968299143016338,0.015625,49152,615611
ordering_2026-09-12,3,case_02_distant,law1_distant,distant,24,4096,STATIC_CRN,3,32,0.042669299989938736,0.03125,393216,4933719
ordering_2026-09-12,3,case_02_distant,law1_distant,distant,25,512,STATIC_CRN,3,32,0.014309900812804699,0.015625,49152,612056
ordering_2026-09-12,3,case_02_distant,law1_distant,distant,26,4096,STATIC_ANTI,3,32,0.039888499304652214,0.046875,393216,4935592
ordering_2026-09-12,3,case_02_distant,law1_distant,distant,27,512,BINARY,3,4,0.021741200238466263,0.015625,6144,77223
ordering_2026-09-12,3,case_02_distant,law1_distant,distant,28,512,STATIC_ANTI,3,32,0.014689099974930286,0.015625,49152,618090
ordering_2026-09-12,3,case_02_distant,law1_distant,distant,29,4096,BINARY,3,4,0.11534459982067347,0.109375,49152,616431
ordering_2026-09-12,3,case_02_distant,law1_distant,distant,30,512,MERGE,3,4,0.01309959962964058,0.015625,6144,77223
ordering_2026-09-12,3,case_02_distant,law1_distant,distant,31,4096,MERGE,3,4,0.03778910078108311,0.03125,49152,616431
ordering_2026-09-12,3,case_02_distant,law1_distant,distant,32,512,STATIC_CRN,4,32,0.013524100184440613,0.015625,49152,617877
ordering_2026-09-12,3,case_02_distant,law1_distant,distant,33,4096,STATIC_CRN,4,32,0.0384876998141408,0.046875,393216,4926040
ordering_2026-09-12,3,case_02_distant,law1_distant,distant,34,4096,BINARY,4,4,0.11240839958190918,0.109375,49152,616291
ordering_2026-09-12,3,case_02_distant,law1_distant,distant,35,4096,MERGE,4,4,0.036027200520038605,0.015625,49152,616291
ordering_2026-09-12,3,case_02_distant,law1_distant,distant,36,512,BINARY,4,4,0.021062400192022324,0.015625,6144,77021
ordering_2026-09-12,3,case_02_distant,law1_distant,distant,37,512,MERGE,4,4,0.012822399847209454,0.0,6144,77021
ordering_2026-09-12,3,case_02_distant,law1_distant,distant,38,512,STATIC_ANTI,4,32,0.01407410018146038,0.015625,49152,620730
ordering_2026-09-12,3,case_02_distant,law1_distant,distant,39,4096,STATIC_ANTI,4,32,0.0390905998647213,0.046875,393216,4914106
ordering_2026-09-12,4,case_03_recent,law2_recent,recent,0,512,BINARY,0,4,0.024576399475336075,0.015625,6144,197042
ordering_2026-09-12,4,case_03_recent,law2_recent,recent,1,4096,BINARY,0,4,0.139214800670743,0.125,49152,1577602
ordering_2026-09-12,4,case_03_recent,law2_recent,recent,2,512,MERGE,0,4,0.016184799373149872,0.015625,6144,197042
ordering_2026-09-12,4,case_03_recent,law2_recent,recent,3,4096,STATIC_CRN,0,32,0.06824189983308315,0.078125,393216,12627629
ordering_2026-09-12,4,case_03_recent,law2_recent,recent,4,512,STATIC_CRN,0,32,0.01783089991658926,0.015625,49152,1578770
ordering_2026-09-12,4,case_03_recent,law2_recent,recent,5,512,STATIC_ANTI,0,32,0.017827099189162254,0.015625,49152,1578297
ordering_2026-09-12,4,case_03_recent,law2_recent,recent,6,4096,STATIC_ANTI,0,32,0.06679380033165216,0.0625,393216,12634584
ordering_2026-09-12,4,case_03_recent,law2_recent,recent,7,4096,MERGE,0,4,0.055339500308036804,0.046875,49152,1577602
ordering_2026-09-12,4,case_03_recent,law2_recent,recent,8,4096,MERGE,1,4,0.0560071999207139,0.0625,49152,1577583
ordering_2026-09-12,4,case_03_recent,law2_recent,recent,9,4096,STATIC_ANTI,1,32,0.06740839965641499,0.0625,393216,12621130
ordering_2026-09-12,4,case_03_recent,law2_recent,recent,10,512,STATIC_CRN,1,32,0.018875199370086193,0.015625,49152,1576825
ordering_2026-09-12,4,case_03_recent,law2_recent,recent,11,512,BINARY,1,4,0.02338660042732954,0.03125,6144,197278
ordering_2026-09-12,4,case_03_recent,law2_recent,recent,12,4096,STATIC_CRN,1,32,0.06635139975696802,0.0625,393216,12628956
ordering_2026-09-12,4,case_03_recent,law2_recent,recent,13,4096,BINARY,1,4,0.13586769998073578,0.125,49152,1577583
ordering_2026-09-12,4,case_03_recent,law2_recent,recent,14,512,MERGE,1,4,0.01653050072491169,0.015625,6144,197278
ordering_2026-09-12,4,case_03_recent,law2_recent,recent,15,512,STATIC_ANTI,1,32,0.0181208997964859,0.015625,49152,1579469
ordering_2026-09-12,4,case_03_recent,law2_recent,recent,16,4096,MERGE,2,4,0.0554725993424654,0.0625,49152,1577605
ordering_2026-09-12,4,case_03_recent,law2_recent,recent,17,4096,BINARY,2,4,0.13454330060631037,0.125,49152,1577605
ordering_2026-09-12,4,case_03_recent,law2_recent,recent,18,512,BINARY,2,4,0.026333299465477467,0.015625,6144,197230
ordering_2026-09-12,4,case_03_recent,law2_recent,recent,19,512,STATIC_CRN,2,32,0.01710799988359213,0.0,49152,1578034
ordering_2026-09-12,4,case_03_recent,law2_recent,recent,20,512,MERGE,2,4,0.01602920051664114,0.015625,6144,197230
ordering_2026-09-12,4,case_03_recent,law2_recent,recent,21,4096,STATIC_CRN,2,32,0.06673890072852373,0.046875,393216,12605517
ordering_2026-09-12,4,case_03_recent,law2_recent,recent,22,4096,STATIC_ANTI,2,32,0.0670089004561305,0.078125,393216,12606246
ordering_2026-09-12,4,case_03_recent,law2_recent,recent,23,512,STATIC_ANTI,2,32,0.020031199790537357,0.015625,49152,1579315
ordering_2026-09-12,4,case_03_recent,law2_recent,recent,24,4096,MERGE,3,4,0.05495689995586872,0.046875,49152,1577533
ordering_2026-09-12,4,case_03_recent,law2_recent,recent,25,4096,BINARY,3,4,0.13477810006588697,0.125,49152,1577533
ordering_2026-09-12,4,case_03_recent,law2_recent,recent,26,4096,STATIC_ANTI,3,32,0.06900649983435869,0.0625,393216,12618952
ordering_2026-09-12,4,case_03_recent,law2_recent,recent,27,512,STATIC_ANTI,3,32,0.01805800013244152,0.015625,49152,1574501
ordering_2026-09-12,4,case_03_recent,law2_recent,recent,28,512,BINARY,3,4,0.024522799998521805,0.03125,6144,197345
ordering_2026-09-12,4,case_03_recent,law2_recent,recent,29,512,MERGE,3,4,0.01667799986898899,0.015625,6144,197345
ordering_2026-09-12,4,case_03_recent,law2_recent,recent,30,4096,STATIC_CRN,3,32,0.06798529997467995,0.0625,393216,12619786
ordering_2026-09-12,4,case_03_recent,law2_recent,recent,31,512,STATIC_CRN,3,32,0.017861099913716316,0.015625,49152,1578656
ordering_2026-09-12,4,case_03_recent,law2_recent,recent,32,4096,MERGE,4,4,0.056891899555921555,0.015625,49152,1577612
ordering_2026-09-12,4,case_03_recent,law2_recent,recent,33,4096,STATIC_ANTI,4,32,0.06646540015935898,0.0625,393216,12620462
ordering_2026-09-12,4,case_03_recent,law2_recent,recent,34,512,STATIC_CRN,4,32,0.017142100259661674,0.03125,49152,1578670
ordering_2026-09-12,4,case_03_recent,law2_recent,recent,35,512,MERGE,4,4,0.015964199788868427,0.015625,6144,197159
ordering_2026-09-12,4,case_03_recent,law2_recent,recent,36,4096,STATIC_CRN,4,32,0.06639499962329865,0.0625,393216,12609862
ordering_2026-09-12,4,case_03_recent,law2_recent,recent,37,512,BINARY,4,4,0.02324909996241331,0.015625,6144,197159
ordering_2026-09-12,4,case_03_recent,law2_recent,recent,38,4096,BINARY,4,4,0.13602709956467152,0.125,49152,1577612
ordering_2026-09-12,4,case_03_recent,law2_recent,recent,39,512,STATIC_ANTI,4,32,0.017555699683725834,0.015625,49152,1581650
ordering_2026-09-12,5,case_03_distant,law2_distant,distant,0,512,MERGE,0,4,0.016230199486017227,0.015625,6144,197182
ordering_2026-09-12,5,case_03_distant,law2_distant,distant,1,4096,STATIC_ANTI,0,32,0.0686207003891468,0.078125,393216,12626966
ordering_2026-09-12,5,case_03_distant,law2_distant,distant,2,512,BINARY,0,4,0.024464700371026993,0.03125,6144,197182
ordering_2026-09-12,5,case_03_distant,law2_distant,distant,3,4096,STATIC_CRN,0,32,0.06714249961078167,0.0625,393216,12615731
ordering_2026-09-12,5,case_03_distant,law2_distant,distant,4,512,STATIC_ANTI,0,32,0.017863700166344643,0.0,49152,1574497
ordering_2026-09-12,5,case_03_distant,law2_distant,distant,5,512,STATIC_CRN,0,32,0.017185400240123272,0.015625,49152,1580201
ordering_2026-09-12,5,case_03_distant,law2_distant,distant,6,4096,BINARY,0,4,0.14053070079535246,0.125,49152,1577551
ordering_2026-09-12,5,case_03_distant,law2_distant,distant,7,4096,MERGE,0,4,0.059210400097072124,0.0625,49152,1577551
ordering_2026-09-12,5,case_03_distant,law2_distant,distant,8,512,STATIC_CRN,1,32,0.018024500459432602,0.015625,49152,1577947
ordering_2026-09-12,5,case_03_distant,law2_distant,distant,9,4096,STATIC_ANTI,1,32,0.06864199973642826,0.078125,393216,12621677
ordering_2026-09-12,5,case_03_distant,law2_distant,distant,10,4096,MERGE,1,4,0.056093599647283554,0.046875,49152,1577575
ordering_2026-09-12,5,case_03_distant,law2_distant,distant,11,512,BINARY,1,4,0.02392179984599352,0.03125,6144,197404
ordering_2026-09-12,5,case_03_distant,law2_distant,distant,12,512,MERGE,1,4,0.016421299427747726,0.0,6144,197404
ordering_2026-09-12,5,case_03_distant,law2_distant,distant,13,512,STATIC_ANTI,1,32,0.017463000491261482,0.015625,49152,1578536
ordering_2026-09-12,5,case_03_distant,law2_distant,distant,14,4096,BINARY,1,4,0.13827129919081926,0.140625,49152,1577575
ordering_2026-09-12,5,case_03_distant,law2_distant,distant,15,4096,STATIC_CRN,1,32,0.0675412006676197,0.046875,393216,12619633
ordering_2026-09-12,5,case_03_distant,law2_distant,distant,16,4096,STATIC_ANTI,2,32,0.06749460007995367,0.0625,393216,12636839
ordering_2026-09-12,5,case_03_distant,law2_distant,distant,17,4096,BINARY,2,4,0.14070750027894974,0.125,49152,1577550
ordering_2026-09-12,5,case_03_distant,law2_distant,distant,18,4096,STATIC_CRN,2,32,0.06837059929966927,0.0625,393216,12627299
ordering_2026-09-12,5,case_03_distant,law2_distant,distant,19,4096,MERGE,2,4,0.058016800321638584,0.046875,49152,1577550
ordering_2026-09-12,5,case_03_distant,law2_distant,distant,20,512,STATIC_CRN,2,32,0.01746350061148405,0.015625,49152,1577707
ordering_2026-09-12,5,case_03_distant,law2_distant,distant,21,512,BINARY,2,4,0.024865000508725643,0.03125,6144,197259
ordering_2026-09-12,5,case_03_distant,law2_distant,distant,22,512,MERGE,2,4,0.016380200162529945,0.015625,6144,197259
ordering_2026-09-12,5,case_03_distant,law2_distant,distant,23,512,STATIC_ANTI,2,32,0.0179754002019763,0.015625,49152,1584471
ordering_2026-09-12,5,case_03_distant,law2_distant,distant,24,4096,MERGE,3,4,0.056534599512815475,0.046875,49152,1577737
ordering_2026-09-12,5,case_03_distant,law2_distant,distant,25,512,MERGE,3,4,0.0165948998183012,0.015625,6144,197202
ordering_2026-09-12,5,case_03_distant,law2_distant,distant,26,512,STATIC_CRN,3,32,0.018011500127613544,0.015625,49152,1578356
ordering_2026-09-12,5,case_03_distant,law2_distant,distant,27,4096,STATIC_CRN,3,32,0.06865489948540926,0.0625,393216,12625077
ordering_2026-09-12,5,case_03_distant,law2_distant,distant,28,512,BINARY,3,4,0.024178899824619293,0.03125,6144,197202
ordering_2026-09-12,5,case_03_distant,law2_distant,distant,29,4096,BINARY,3,4,0.13591140042990446,0.078125,49152,1577737
ordering_2026-09-12,5,case_03_distant,law2_distant,distant,30,4096,STATIC_ANTI,3,32,0.06661770027130842,0.0625,393216,12612039
ordering_2026-09-12,5,case_03_distant,law2_distant,distant,31,512,STATIC_ANTI,3,32,0.017709500156342983,0.015625,49152,1579444
ordering_2026-09-12,5,case_03_distant,law2_distant,distant,32,4096,STATIC_CRN,4,32,0.06590040028095245,0.046875,393216,12609863
ordering_2026-09-12,5,case_03_distant,law2_distant,distant,33,4096,MERGE,4,4,0.05677019990980625,0.03125,49152,1577813
ordering_2026-09-12,5,case_03_distant,law2_distant,distant,34,4096,BINARY,4,4,0.13519009947776794,0.125,49152,1577813
ordering_2026-09-12,5,case_03_distant,law2_distant,distant,35,512,STATIC_CRN,4,32,0.017109899781644344,0.015625,49152,1576880
ordering_2026-09-12,5,case_03_distant,law2_distant,distant,36,512,BINARY,4,4,0.023550800047814846,0.03125,6144,197228
ordering_2026-09-12,5,case_03_distant,law2_distant,distant,37,4096,STATIC_ANTI,4,32,0.06697809975594282,0.0625,393216,12616968
ordering_2026-09-12,5,case_03_distant,law2_distant,distant,38,512,MERGE,4,4,0.016209499910473824,0.015625,6144,197228
ordering_2026-09-12,5,case_03_distant,law2_distant,distant,39,512,STATIC_ANTI,4,32,0.01776839978992939,0.015625,49152,1579941
ordering_2026-09-12,6,case_04_recent,law3_recent,recent,0,512,MERGE,0,4,0.015832599252462387,0.015625,6144,197351
ordering_2026-09-12,6,case_04_recent,law3_recent,recent,1,4096,STATIC_CRN,0,32,0.06692830007523298,0.046875,393216,12629297
ordering_2026-09-12,6,case_04_recent,law3_recent,recent,2,4096,MERGE,0,4,0.05540299974381924,0.0625,49152,1578851
ordering_2026-09-12,6,case_04_recent,law3_recent,recent,3,4096,STATIC_ANTI,0,32,0.06696269940584898,0.0625,393216,12616348
ordering_2026-09-12,6,case_04_recent,law3_recent,recent,4,512,STATIC_CRN,0,32,0.017222399823367596,0.015625,49152,1577792
ordering_2026-09-12,6,case_04_recent,law3_recent,recent,5,512,STATIC_ANTI,0,32,0.017189799807965755,0.015625,49152,1574020
ordering_2026-09-12,6,case_04_recent,law3_recent,recent,6,512,BINARY,0,4,0.0227959007024765,0.03125,6144,197351
ordering_2026-09-12,6,case_04_recent,law3_recent,recent,7,4096,BINARY,0,4,0.13017389923334122,0.109375,49152,1578851
ordering_2026-09-12,6,case_04_recent,law3_recent,recent,8,512,BINARY,1,4,0.023085099644958973,0.015625,6144,197373
ordering_2026-09-12,6,case_04_recent,law3_recent,recent,9,512,STATIC_ANTI,1,32,0.01751689985394478,0.015625,49152,1581362
ordering_2026-09-12,6,case_04_recent,law3_recent,recent,10,4096,STATIC_ANTI,1,32,0.067183299921453,0.0625,393216,12636994
ordering_2026-09-12,6,case_04_recent,law3_recent,recent,11,4096,MERGE,1,4,0.057091000489890575,0.03125,49152,1578704
ordering_2026-09-12,6,case_04_recent,law3_recent,recent,12,512,STATIC_CRN,1,32,0.018129900097846985,0.015625,49152,1577107
ordering_2026-09-12,6,case_04_recent,law3_recent,recent,13,4096,BINARY,1,4,0.15198250021785498,0.125,49152,1578704
ordering_2026-09-12,6,case_04_recent,law3_recent,recent,14,512,MERGE,1,4,0.01769769936800003,0.015625,6144,197373
ordering_2026-09-12,6,case_04_recent,law3_recent,recent,15,4096,STATIC_CRN,1,32,0.07321579940617085,0.0625,393216,12623920
ordering_2026-09-12,6,case_04_recent,law3_recent,recent,16,512,BINARY,2,4,0.025413100607693195,0.015625,6144,197314
ordering_2026-09-12,6,case_04_recent,law3_recent,recent,17,4096,STATIC_CRN,2,32,0.07740280032157898,0.046875,393216,12630499
ordering_2026-09-12,6,case_04_recent,law3_recent,recent,18,4096,MERGE,2,4,0.06354890018701553,0.015625,49152,1578555
ordering_2026-09-12,6,case_04_recent,law3_recent,recent,19,4096,BINARY,2,4,0.17316340003162622,0.109375,49152,1578555
ordering_2026-09-12,6,case_04_recent,law3_recent,recent,20,512,STATIC_ANTI,2,32,0.02096400037407875,0.015625,49152,1581046
ordering_2026-09-12,6,case_04_recent,law3_recent,recent,21,4096,STATIC_ANTI,2,32,0.0772935003042221,0.0625,393216,12643322
ordering_2026-09-12,6,case_04_recent,law3_recent,recent,22,512,STATIC_CRN,2,32,0.019449600018560886,0.015625,49152,1580157
ordering_2026-09-12,6,case_04_recent,law3_recent,recent,23,512,MERGE,2,4,0.017812700010836124,0.015625,6144,197314
ordering_2026-09-12,6,case_04_recent,law3_recent,recent,24,4096,MERGE,3,4,0.060948699712753296,0.0625,49152,1578648
ordering_2026-09-12,6,case_04_recent,law3_recent,recent,25,512,STATIC_CRN,3,32,0.01915450021624565,0.0,49152,1576482
ordering_2026-09-12,6,case_04_recent,law3_recent,recent,26,512,BINARY,3,4,0.02560919988900423,0.015625,6144,197434
ordering_2026-09-12,6,case_04_recent,law3_recent,recent,27,4096,BINARY,3,4,0.14651780016720295,0.125,49152,1578648
ordering_2026-09-12,6,case_04_recent,law3_recent,recent,28,4096,STATIC_CRN,3,32,0.0716439001262188,0.03125,393216,12633723
ordering_2026-09-12,6,case_04_recent,law3_recent,recent,29,512,STATIC_ANTI,3,32,0.019170300103724003,0.03125,49152,1580080
ordering_2026-09-12,6,case_04_recent,law3_recent,recent,30,4096,STATIC_ANTI,3,32,0.07074170000851154,0.0625,393216,12630874
ordering_2026-09-12,6,case_04_recent,law3_recent,recent,31,512,MERGE,3,4,0.016443300060927868,0.015625,6144,197434
ordering_2026-09-12,6,case_04_recent,law3_recent,recent,32,4096,STATIC_CRN,4,32,0.06943179946392775,0.0625,393216,12629048
ordering_2026-09-12,6,case_04_recent,law3_recent,recent,33,512,STATIC_ANTI,4,32,0.019292100332677364,0.03125,49152,1581760
ordering_2026-09-12,6,case_04_recent,law3_recent,recent,34,512,STATIC_CRN,4,32,0.01780540030449629,0.015625,49152,1579040
ordering_2026-09-12,6,case_04_recent,law3_recent,recent,35,4096,STATIC_ANTI,4,32,0.06753160059452057,0.046875,393216,12619506
ordering_2026-09-12,6,case_04_recent,law3_recent,recent,36,4096,MERGE,4,4,0.05542160011827946,0.046875,49152,1578706
ordering_2026-09-12,6,case_04_recent,law3_recent,recent,37,512,BINARY,4,4,0.023272600024938583,0.015625,6144,197380
ordering_2026-09-12,6,case_04_recent,law3_recent,recent,38,512,MERGE,4,4,0.015618800185620785,0.015625,6144,197380
ordering_2026-09-12,6,case_04_recent,law3_recent,recent,39,4096,BINARY,4,4,0.13634990062564611,0.125,49152,1578706
ordering_2026-09-12,7,case_04_distant,law3_distant,distant,0,4096,MERGE,0,4,0.05616949964314699,0.046875,49152,1578748
ordering_2026-09-12,7,case_04_distant,law3_distant,distant,1,4096,STATIC_ANTI,0,32,0.06691970024257898,0.0625,393216,12615680
ordering_2026-09-12,7,case_04_distant,law3_distant,distant,2,512,MERGE,0,4,0.01628120057284832,0.015625,6144,197306
ordering_2026-09-12,7,case_04_distant,law3_distant,distant,3,512,STATIC_CRN,0,32,0.01723179966211319,0.015625,49152,1578233
ordering_2026-09-12,7,case_04_distant,law3_distant,distant,4,512,BINARY,0,4,0.023405699990689754,0.015625,6144,197306
ordering_2026-09-12,7,case_04_distant,law3_distant,distant,5,4096,STATIC_CRN,0,32,0.06785739958286285,0.03125,393216,12626044
ordering_2026-09-12,7,case_04_distant,law3_distant,distant,6,4096,BINARY,0,4,0.13873550016433,0.0625,49152,1578748
ordering_2026-09-12,7,case_04_distant,law3_distant,distant,7,512,STATIC_ANTI,0,32,0.019140100106596947,0.0,49152,1585806
ordering_2026-09-12,7,case_04_distant,law3_distant,distant,8,4096,MERGE,1,4,0.05737700033932924,0.046875,49152,1578829
ordering_2026-09-12,7,case_04_distant,law3_distant,distant,9,512,BINARY,1,4,0.02444830071181059,0.03125,6144,197340
ordering_2026-09-12,7,case_04_distant,law3_distant,distant,10,512,STATIC_ANTI,1,32,0.018078099936246872,0.015625,49152,1581572
ordering_2026-09-12,7,case_04_distant,law3_distant,distant,11,4096,STATIC_ANTI,1,32,0.06937120016664267,0.0625,393216,12621070
ordering_2026-09-12,7,case_04_distant,law3_distant,distant,12,4096,BINARY,1,4,0.1375605994835496,0.15625,49152,1578829
ordering_2026-09-12,7,case_04_distant,law3_distant,distant,13,4096,STATIC_CRN,1,32,0.06728009972721338,0.0625,393216,12626533
ordering_2026-09-12,7,case_04_distant,law3_distant,distant,14,512,STATIC_CRN,1,32,0.01738510001450777,0.015625,49152,1575228
ordering_2026-09-12,7,case_04_distant,law3_distant,distant,15,512,MERGE,1,4,0.016231699846684933,0.015625,6144,197340
ordering_2026-09-12,7,case_04_distant,law3_distant,distant,16,4096,BINARY,2,4,0.13483559992164373,0.140625,49152,1578850
ordering_2026-09-12,7,case_04_distant,law3_distant,distant,17,4096,MERGE,2,4,0.05582629982382059,0.046875,49152,1578850
ordering_2026-09-12,7,case_04_distant,law3_distant,distant,18,4096,STATIC_ANTI,2,32,0.07270069979131222,0.0625,393216,12635122
ordering_2026-09-12,7,case_04_distant,law3_distant,distant,19,512,STATIC_ANTI,2,32,0.01827290002256632,0.015625,49152,1582070
ordering_2026-09-12,7,case_04_distant,law3_distant,distant,20,4096,STATIC_CRN,2,32,0.0685170004144311,0.078125,393216,12631863
ordering_2026-09-12,7,case_04_distant,law3_distant,distant,21,512,MERGE,2,4,0.01666340045630932,0.015625,6144,197314
ordering_2026-09-12,7,case_04_distant,law3_distant,distant,22,512,BINARY,2,4,0.024217200465500355,0.03125,6144,197314
ordering_2026-09-12,7,case_04_distant,law3_distant,distant,23,512,STATIC_CRN,2,32,0.01766750030219555,0.015625,49152,1579672
ordering_2026-09-12,7,case_04_distant,law3_distant,distant,24,4096,STATIC_CRN,3,32,0.06784250028431416,0.078125,393216,12630776
ordering_2026-09-12,7,case_04_distant,law3_distant,distant,25,512,STATIC_CRN,3,32,0.017587099224328995,0.015625,49152,1574976
ordering_2026-09-12,7,case_04_distant,law3_distant,distant,26,4096,BINARY,3,4,0.13554679974913597,0.125,49152,1578656
ordering_2026-09-12,7,case_04_distant,law3_distant,distant,27,4096,STATIC_ANTI,3,32,0.06722680013626814,0.0625,393216,12614734
ordering_2026-09-12,7,case_04_distant,law3_distant,distant,28,512,MERGE,3,4,0.01596130058169365,0.015625,6144,197296
ordering_2026-09-12,7,case_04_distant,law3_distant,distant,29,4096,MERGE,3,4,0.05537189915776253,0.0625,49152,1578656
ordering_2026-09-12,7,case_04_distant,law3_distant,distant,30,512,BINARY,3,4,0.0239479998126626,0.015625,6144,197296
ordering_2026-09-12,7,case_04_distant,law3_distant,distant,31,512,STATIC_ANTI,3,32,0.017796100117266178,0.015625,49152,1579652
ordering_2026-09-12,7,case_04_distant,law3_distant,distant,32,512,MERGE,4,4,0.01650210004299879,0.015625,6144,197099
ordering_2026-09-12,7,case_04_distant,law3_distant,distant,33,512,BINARY,4,4,0.023213199339807034,0.03125,6144,197099
ordering_2026-09-12,7,case_04_distant,law3_distant,distant,34,512,STATIC_ANTI,4,32,0.017687099985778332,0.015625,49152,1577378
ordering_2026-09-12,7,case_04_distant,law3_distant,distant,35,4096,STATIC_CRN,4,32,0.06564189959317446,0.0625,393216,12630903
ordering_2026-09-12,7,case_04_distant,law3_distant,distant,36,512,STATIC_CRN,4,32,0.016875600442290306,0.0,49152,1580510
ordering_2026-09-12,7,case_04_distant,law3_distant,distant,37,4096,MERGE,4,4,0.054363999515771866,0.046875,49152,1578637
ordering_2026-09-12,7,case_04_distant,law3_distant,distant,38,4096,BINARY,4,4,0.1333085000514984,0.125,49152,1578637
ordering_2026-09-12,7,case_04_distant,law3_distant,distant,39,4096,STATIC_ANTI,4,32,0.06714260019361973,0.0625,393216,12629024
ordering_2026-09-12,8,case_05_recent,law4_recent,recent,0,512,MERGE,0,4,0.018625600263476372,0.03125,6144,69125
ordering_2026-09-12,8,case_05_recent,law4_recent,recent,1,4096,MERGE,0,4,0.04928570054471493,0.046875,49152,552348
ordering_2026-09-12,8,case_05_recent,law4_recent,recent,2,4096,STATIC_ANTI,0,32,0.037115500308573246,0.015625,393216,4433414
ordering_2026-09-12,8,case_05_recent,law4_recent,recent,3,512,STATIC_CRN,0,32,0.013162700459361076,0.03125,49152,547609
ordering_2026-09-12,8,case_05_recent,law4_recent,recent,4,512,BINARY,0,4,0.03269420005381107,0.03125,6144,69125
ordering_2026-09-12,8,case_05_recent,law4_recent,recent,5,4096,BINARY,0,4,0.1851027999073267,0.1875,49152,552348
ordering_2026-09-12,8,case_05_recent,law4_recent,recent,6,512,STATIC_ANTI,0,32,0.01425320003181696,0.0,49152,556638
ordering_2026-09-12,8,case_05_recent,law4_recent,recent,7,4096,STATIC_CRN,0,32,0.03780269995331764,0.046875,393216,4423353
ordering_2026-09-12,8,case_05_recent,law4_recent,recent,8,4096,STATIC_ANTI,1,32,0.03758679982274771,0.03125,393216,4419837
ordering_2026-09-12,8,case_05_recent,law4_recent,recent,9,4096,STATIC_CRN,1,32,0.03951259981840849,0.046875,393216,4422974
ordering_2026-09-12,8,case_05_recent,law4_recent,recent,10,4096,MERGE,1,4,0.04901499953120947,0.046875,49152,552354
ordering_2026-09-12,8,case_05_recent,law4_recent,recent,11,512,MERGE,1,4,0.01876699924468994,0.015625,6144,68977
ordering_2026-09-12,8,case_05_recent,law4_recent,recent,12,512,STATIC_ANTI,1,32,0.014134200289845467,0.015625,49152,558569
ordering_2026-09-12,8,case_05_recent,law4_recent,recent,13,4096,BINARY,1,4,0.19056850019842386,0.171875,49152,552354
ordering_2026-09-12,8,case_05_recent,law4_recent,recent,14,512,STATIC_CRN,1,32,0.01340670045465231,0.015625,49152,552229
ordering_2026-09-12,8,case_05_recent,law4_recent,recent,15,512,BINARY,1,4,0.03429450001567602,0.03125,6144,68977
ordering_2026-09-12,8,case_05_recent,law4_recent,recent,16,4096,STATIC_CRN,2,32,0.03727199975401163,0.03125,393216,4422210
ordering_2026-09-12,8,case_05_recent,law4_recent,recent,17,4096,BINARY,2,4,0.19100300036370754,0.15625,49152,552230
ordering_2026-09-12,8,case_05_recent,law4_recent,recent,18,512,STATIC_ANTI,2,32,0.014455200172960758,0.015625,49152,557773
ordering_2026-09-12,8,case_05_recent,law4_recent,recent,19,4096,MERGE,2,4,0.049564200453460217,0.03125,49152,552230
ordering_2026-09-12,8,case_05_recent,law4_recent,recent,20,512,BINARY,2,4,0.03340789955109358,0.015625,6144,68898
ordering_2026-09-12,8,case_05_recent,law4_recent,recent,21,512,MERGE,2,4,0.01882210001349449,0.03125,6144,68898
ordering_2026-09-12,8,case_05_recent,law4_recent,recent,22,512,STATIC_CRN,2,32,0.013564900495111942,0.0,49152,551793
ordering_2026-09-12,8,case_05_recent,law4_recent,recent,23,4096,STATIC_ANTI,2,32,0.03707979992032051,0.03125,393216,4401316
ordering_2026-09-12,8,case_05_recent,law4_recent,recent,24,512,BINARY,3,4,0.03278409969061613,0.03125,6144,69111
ordering_2026-09-12,8,case_05_recent,law4_recent,recent,25,4096,MERGE,3,4,0.04751749988645315,0.046875,49152,552328
ordering_2026-09-12,8,case_05_recent,law4_recent,recent,26,4096,STATIC_CRN,3,32,0.037179299630224705,0.03125,393216,4424110
ordering_2026-09-12,8,case_05_recent,law4_recent,recent,27,512,STATIC_ANTI,3,32,0.014491399750113487,0.015625,49152,550634
ordering_2026-09-12,8,case_05_recent,law4_recent,recent,28,4096,STATIC_ANTI,3,32,0.036398000083863735,0.03125,393216,4415777
ordering_2026-09-12,8,case_05_recent,law4_recent,recent,29,512,MERGE,3,4,0.019145900383591652,0.015625,6144,69111
ordering_2026-09-12,8,case_05_recent,law4_recent,recent,30,4096,BINARY,3,4,0.18483630008995533,0.1875,49152,552328
ordering_2026-09-12,8,case_05_recent,law4_recent,recent,31,512,STATIC_CRN,3,32,0.013624600134789944,0.0,49152,547841
ordering_2026-09-12,8,case_05_recent,law4_recent,recent,32,512,MERGE,4,4,0.01872640009969473,0.015625,6144,69075
ordering_2026-09-12,8,case_05_recent,law4_recent,recent,33,4096,BINARY,4,4,0.18650139961391687,0.15625,49152,552404
ordering_2026-09-12,8,case_05_recent,law4_recent,recent,34,512,BINARY,4,4,0.03239220008254051,0.03125,6144,69075
ordering_2026-09-12,8,case_05_recent,law4_recent,recent,35,512,STATIC_CRN,4,32,0.013169899582862854,0.015625,49152,552785
ordering_2026-09-12,8,case_05_recent,law4_recent,recent,36,4096,MERGE,4,4,0.04638449940830469,0.0625,49152,552404
ordering_2026-09-12,8,case_05_recent,law4_recent,recent,37,4096,STATIC_CRN,4,32,0.03653670009225607,0.03125,393216,4403411
ordering_2026-09-12,8,case_05_recent,law4_recent,recent,38,4096,STATIC_ANTI,4,32,0.037402600049972534,0.03125,393216,4413053
ordering_2026-09-12,8,case_05_recent,law4_recent,recent,39,512,STATIC_ANTI,4,32,0.014191599562764168,0.015625,49152,562719
ordering_2026-09-12,9,case_05_distant,law4_distant,distant,0,4096,MERGE,0,4,0.05408470053225756,0.046875,49152,552269
ordering_2026-09-12,9,case_05_distant,law4_distant,distant,1,512,MERGE,0,4,0.022498300299048424,0.015625,6144,68907
ordering_2026-09-12,9,case_05_distant,law4_distant,distant,2,512,STATIC_CRN,0,32,0.014675999991595745,0.015625,49152,550713
ordering_2026-09-12,9,case_05_distant,law4_distant,distant,3,512,BINARY,0,4,0.0354009997099638,0.015625,6144,68907
ordering_2026-09-12,9,case_05_distant,law4_distant,distant,4,512,STATIC_ANTI,0,32,0.0149940000846982,0.015625,49152,546585
ordering_2026-09-12,9,case_05_distant,law4_distant,distant,5,4096,BINARY,0,4,0.2035543005913496,0.15625,49152,552269
ordering_2026-09-12,9,case_05_distant,law4_distant,distant,6,4096,STATIC_CRN,0,32,0.03925719950348139,0.046875,393216,4417633
ordering_2026-09-12,9,case_05_distant,law4_distant,distant,7,4096,STATIC_ANTI,0,32,0.039906200021505356,0.03125,393216,4412316
ordering_2026-09-12,9,case_05_distant,law4_distant,distant,8,4096,MERGE,1,4,0.051189799793064594,0.046875,49152,552306
ordering_2026-09-12,9,case_05_distant,law4_distant,distant,9,512,BINARY,1,4,0.03501269966363907,0.03125,6144,68896
ordering_2026-09-12,9,case_05_distant,law4_distant,distant,10,4096,STATIC_CRN,1,32,0.03907890059053898,0.046875,393216,4408266
ordering_2026-09-12,9,case_05_distant,law4_distant,distant,11,4096,STATIC_ANTI,1,32,0.03770540002733469,0.03125,393216,4424824
ordering_2026-09-12,9,case_05_distant,law4_distant,distant,12,512,STATIC_ANTI,1,32,0.01413160003721714,0.015625,49152,555324
ordering_2026-09-12,9,case_05_distant,law4_distant,distant,13,4096,BINARY,1,4,0.18852499965578318,0.171875,49152,552306
ordering_2026-09-12,9,case_05_distant,law4_distant,distant,14,512,STATIC_CRN,1,32,0.013286099769175053,0.015625,49152,550955
ordering_2026-09-12,9,case_05_distant,law4_distant,distant,15,512,MERGE,1,4,0.018255400471389294,0.015625,6144,68896
ordering_2026-09-12,9,case_05_distant,law4_distant,distant,16,4096,MERGE,2,4,0.048060099594295025,0.046875,49152,552321
ordering_2026-09-12,9,case_05_distant,law4_distant,distant,17,512,MERGE,2,4,0.0185912000015378,0.015625,6144,68884
ordering_2026-09-12,9,case_05_distant,law4_distant,distant,18,512,STATIC_ANTI,2,32,0.013973799534142017,0.015625,49152,550122
ordering_2026-09-12,9,case_05_distant,law4_distant,distant,19,512,BINARY,2,4,0.032701799646019936,0.03125,6144,68884
ordering_2026-09-12,9,case_05_distant,law4_distant,distant,20,4096,STATIC_CRN,2,32,0.037115899845957756,0.03125,393216,4433424
ordering_2026-09-12,9,case_05_distant,law4_distant,distant,21,4096,STATIC_ANTI,2,32,0.03855639975517988,0.03125,393216,4401195
ordering_2026-09-12,9,case_05_distant,law4_distant,distant,22,512,STATIC_CRN,2,32,0.014836099930107594,0.015625,49152,551143
ordering_2026-09-12,9,case_05_distant,law4_distant,distant,23,4096,BINARY,2,4,0.1875066002830863,0.171875,49152,552321
ordering_2026-09-12,9,case_05_distant,law4_distant,distant,24,512,STATIC_CRN,3,32,0.013947700150310993,0.015625,49152,553656
ordering_2026-09-12,9,case_05_distant,law4_distant,distant,25,4096,BINARY,3,4,0.19063729979097843,0.1875,49152,552251
ordering_2026-09-12,9,case_05_distant,law4_distant,distant,26,512,MERGE,3,4,0.020597300492227077,0.015625,6144,68973
ordering_2026-09-12,9,case_05_distant,law4_distant,distant,27,4096,MERGE,3,4,0.05222189985215664,0.046875,49152,552251
ordering_2026-09-12,9,case_05_distant,law4_distant,distant,28,4096,STATIC_ANTI,3,32,0.0412194998934865,0.046875,393216,4407666
ordering_2026-09-12,9,case_05_distant,law4_distant,distant,29,4096,STATIC_CRN,3,32,0.040971399284899235,0.03125,393216,4426171
ordering_2026-09-12,9,case_05_distant,law4_distant,distant,30,512,BINARY,3,4,0.038071900606155396,0.03125,6144,68973
ordering_2026-09-12,9,case_05_distant,law4_distant,distant,31,512,STATIC_ANTI,3,32,0.015740999951958656,0.015625,49152,547565
ordering_2026-09-12,9,case_05_distant,law4_distant,distant,32,512,STATIC_ANTI,4,32,0.016204199753701687,0.015625,49152,554745
ordering_2026-09-12,9,case_05_distant,law4_distant,distant,33,4096,MERGE,4,4,0.05583930015563965,0.0625,49152,552260
ordering_2026-09-12,9,case_05_distant,law4_distant,distant,34,512,STATIC_CRN,4,32,0.01656709983944893,0.015625,49152,555920
ordering_2026-09-12,9,case_05_distant,law4_distant,distant,35,4096,STATIC_ANTI,4,32,0.044434099458158016,0.03125,393216,4417996
ordering_2026-09-12,9,case_05_distant,law4_distant,distant,36,512,BINARY,4,4,0.040514600463211536,0.046875,6144,69166
ordering_2026-09-12,9,case_05_distant,law4_distant,distant,37,4096,BINARY,4,4,0.21545219980180264,0.1875,49152,552260
ordering_2026-09-12,9,case_05_distant,law4_distant,distant,38,4096,STATIC_CRN,4,32,0.04287160001695156,0.03125,393216,4411156
ordering_2026-09-12,9,case_05_distant,law4_distant,distant,39,512,MERGE,4,4,0.021889000199735165,0.015625,6144,69166
ordering_2026-09-12,10,case_06_recent,law5_recent,recent,0,512,BINARY,0,4,0.03853160049766302,0.03125,6144,69175
ordering_2026-09-12,10,case_06_recent,law5_recent,recent,1,512,MERGE,0,4,0.018288600258529186,0.015625,6144,69175
ordering_2026-09-12,10,case_06_recent,law5_recent,recent,2,4096,STATIC_ANTI,0,32,0.03720999974757433,0.046875,393216,4418554
ordering_2026-09-12,10,case_06_recent,law5_recent,recent,3,512,STATIC_CRN,0,32,0.013858900405466557,0.015625,49152,548149
ordering_2026-09-12,10,case_06_recent,law5_recent,recent,4,4096,MERGE,0,4,0.047985599376261234,0.046875,49152,552706
ordering_2026-09-12,10,case_06_recent,law5_recent,recent,5,512,STATIC_ANTI,0,32,0.014249399304389954,0.0,49152,546150
ordering_2026-09-12,10,case_06_recent,law5_recent,recent,6,4096,BINARY,0,4,0.19268389977514744,0.171875,49152,552706
ordering_2026-09-12,10,case_06_recent,law5_recent,recent,7,4096,STATIC_CRN,0,32,0.038262899965047836,0.0,393216,4425100
ordering_2026-09-12,10,case_06_recent,law5_recent,recent,8,512,STATIC_ANTI,1,32,0.014218000695109367,0.03125,49152,553950
ordering_2026-09-12,10,case_06_recent,law5_recent,recent,9,4096,STATIC_ANTI,1,32,0.042554100044071674,0.015625,393216,4411058
ordering_2026-09-12,10,case_06_recent,law5_recent,recent,10,4096,BINARY,1,4,0.2407149001955986,0.140625,49152,552598
ordering_2026-09-12,10,case_06_recent,law5_recent,recent,11,4096,STATIC_CRN,1,32,0.04369460046291351,0.046875,393216,4420730
ordering_2026-09-12,10,case_06_recent,law5_recent,recent,12,4096,MERGE,1,4,0.0539859002456069,0.03125,49152,552598
ordering_2026-09-12,10,case_06_recent,law5_recent,recent,13,512,BINARY,1,4,0.03614800050854683,0.0,6144,68901
ordering_2026-09-12,10,case_06_recent,law5_recent,recent,14,512,MERGE,1,4,0.020293000154197216,0.046875,6144,68901
ordering_2026-09-12,10,case_06_recent,law5_recent,recent,15,512,STATIC_CRN,1,32,0.015045000240206718,0.015625,49152,551181
ordering_2026-09-12,10,case_06_recent,law5_recent,recent,16,4096,STATIC_CRN,2,32,0.040991099551320076,0.03125,393216,4426314
ordering_2026-09-12,10,case_06_recent,law5_recent,recent,17,4096,MERGE,2,4,0.05232609994709492,0.03125,49152,552538
ordering_2026-09-12,10,case_06_recent,law5_recent,recent,18,512,STATIC_ANTI,2,32,0.015484100207686424,0.015625,49152,549650
ordering_2026-09-12,10,case_06_recent,law5_recent,recent,19,4096,STATIC_ANTI,2,32,0.04267109930515289,0.03125,393216,4412244
ordering_2026-09-12,10,case_06_recent,law5_recent,recent,20,512,MERGE,2,4,0.024667900055646896,0.015625,6144,69102
ordering_2026-09-12,10,case_06_recent,law5_recent,recent,21,4096,BINARY,2,4,0.20198879949748516,0.203125,49152,552538
ordering_2026-09-12,10,case_06_recent,law5_recent,recent,22,512,BINARY,2,4,0.03513749968260527,0.015625,6144,69102
ordering_2026-09-12,10,case_06_recent,law5_recent,recent,23,512,STATIC_CRN,2,32,0.014296299777925014,0.015625,49152,552711
ordering_2026-09-12,10,case_06_recent,law5_recent,recent,24,512,STATIC_CRN,3,32,0.014241499826312065,0.015625,49152,554734
ordering_2026-09-12,10,case_06_recent,law5_recent,recent,25,4096,STATIC_ANTI,3,32,0.0392044996842742,0.046875,393216,4433420
ordering_2026-09-12,10,case_06_recent,law5_recent,recent,26,512,STATIC_ANTI,3,32,0.014632999897003174,0.015625,49152,560162
ordering_2026-09-12,10,case_06_recent,law5_recent,recent,27,512,BINARY,3,4,0.034188699908554554,0.03125,6144,69137
ordering_2026-09-12,10,case_06_recent,law5_recent,recent,28,4096,BINARY,3,4,0.19260810036212206,0.203125,49152,552471
ordering_2026-09-12,10,case_06_recent,law5_recent,recent,29,4096,MERGE,3,4,0.048196700401604176,0.03125,49152,552471
ordering_2026-09-12,10,case_06_recent,law5_recent,recent,30,512,MERGE,3,4,0.019210999831557274,0.015625,6144,69137
ordering_2026-09-12,10,case_06_recent,law5_recent,recent,31,4096,STATIC_CRN,3,32,0.0371375996619463,0.046875,393216,4438347
ordering_2026-09-12,10,case_06_recent,law5_recent,recent,32,512,STATIC_CRN,4,32,0.013384699821472168,0.015625,49152,552741
ordering_2026-09-12,10,case_06_recent,law5_recent,recent,33,512,BINARY,4,4,0.03286190051585436,0.015625,6144,68982
ordering_2026-09-12,10,case_06_recent,law5_recent,recent,34,4096,STATIC_CRN,4,32,0.03716429974883795,0.03125,393216,4424136
ordering_2026-09-12,10,case_06_recent,law5_recent,recent,35,4096,STATIC_ANTI,4,32,0.036824699491262436,0.015625,393216,4395980
ordering_2026-09-12,10,case_06_recent,law5_recent,recent,36,4096,BINARY,4,4,0.19800639990717173,0.15625,49152,552712
ordering_2026-09-12,10,case_06_recent,law5_recent,recent,37,512,MERGE,4,4,0.023657599464058876,0.03125,6144,68982
ordering_2026-09-12,10,case_06_recent,law5_recent,recent,38,4096,MERGE,4,4,0.056435199454426765,0.03125,49152,552712
ordering_2026-09-12,10,case_06_recent,law5_recent,recent,39,512,STATIC_ANTI,4,32,0.019167300313711166,0.0,49152,551642
ordering_2026-09-12,11,case_06_distant,law5_distant,distant,0,4096,STATIC_CRN,0,32,0.037784299813210964,0.03125,393216,4414013
ordering_2026-09-12,11,case_06_distant,law5_distant,distant,1,4096,STATIC_ANTI,0,32,0.037453699856996536,0.03125,393216,4425012
ordering_2026-09-12,11,case_06_distant,law5_distant,distant,2,512,STATIC_CRN,0,32,0.01363349985331297,0.015625,49152,552508
ordering_2026-09-12,11,case_06_distant,law5_distant,distant,3,512,BINARY,0,4,0.03321749996393919,0.03125,6144,69027
ordering_2026-09-12,11,case_06_distant,law5_distant,distant,4,512,MERGE,0,4,0.018125000409781933,0.015625,6144,69027
ordering_2026-09-12,11,case_06_distant,law5_distant,distant,5,512,STATIC_ANTI,0,32,0.013670600019395351,0.015625,49152,548042
ordering_2026-09-12,11,case_06_distant,law5_distant,distant,6,4096,BINARY,0,4,0.19235389959067106,0.171875,49152,552575
ordering_2026-09-12,11,case_06_distant,law5_distant,distant,7,4096,MERGE,0,4,0.047508600167930126,0.0625,49152,552575
ordering_2026-09-12,11,case_06_distant,law5_distant,distant,8,4096,STATIC_CRN,1,32,0.03751160018146038,0.03125,393216,4415783
ordering_2026-09-12,11,case_06_distant,law5_distant,distant,9,4096,MERGE,1,4,0.0476514995098114,0.046875,49152,552579
ordering_2026-09-12,11,case_06_distant,law5_distant,distant,10,4096,BINARY,1,4,0.1884909002110362,0.171875,49152,552579
ordering_2026-09-12,11,case_06_distant,law5_distant,distant,11,512,BINARY,1,4,0.03197479993104935,0.03125,6144,69032
ordering_2026-09-12,11,case_06_distant,law5_distant,distant,12,512,STATIC_CRN,1,32,0.01374599989503622,0.03125,49152,548596
ordering_2026-09-12,11,case_06_distant,law5_distant,distant,13,512,STATIC_ANTI,1,32,0.013787600211799145,0.015625,49152,558328
ordering_2026-09-12,11,case_06_distant,law5_distant,distant,14,512,MERGE,1,4,0.018100500106811523,0.015625,6144,69032
ordering_2026-09-12,11,case_06_distant,law5_distant,distant,15,4096,STATIC_ANTI,1,32,0.038006399758160114,0.03125,393216,4429952
ordering_2026-09-12,11,case_06_distant,law5_distant,distant,16,512,MERGE,2,4,0.018432799726724625,0.015625,6144,69182
ordering_2026-09-12,11,case_06_distant,law5_distant,distant,17,512,STATIC_ANTI,2,32,0.014193800278007984,0.015625,49152,548366
ordering_2026-09-12,11,case_06_distant,law5_distant,distant,18,4096,STATIC_ANTI,2,32,0.036942699924111366,0.03125,393216,4427380
ordering_2026-09-12,11,case_06_distant,law5_distant,distant,19,4096,STATIC_CRN,2,32,0.03728020004928112,0.046875,393216,4442523
ordering_2026-09-12,11,case_06_distant,law5_distant,distant,20,4096,MERGE,2,4,0.04711329936981201,0.03125,49152,552426
ordering_2026-09-12,11,case_06_distant,law5_distant,distant,21,512,BINARY,2,4,0.03233680035918951,0.03125,6144,69182
ordering_2026-09-12,11,case_06_distant,law5_distant,distant,22,4096,BINARY,2,4,0.18833000026643276,0.171875,49152,552426
ordering_2026-09-12,11,case_06_distant,law5_distant,distant,23,512,STATIC_CRN,2,32,0.013591799885034561,0.015625,49152,550683
ordering_2026-09-12,11,case_06_distant,law5_distant,distant,24,4096,MERGE,3,4,0.046748400665819645,0.03125,49152,552503
ordering_2026-09-12,11,case_06_distant,law5_distant,distant,25,512,STATIC_CRN,3,32,0.01432539988309145,0.015625,49152,548108
ordering_2026-09-12,11,case_06_distant,law5_distant,distant,26,512,MERGE,3,4,0.0182175999507308,0.0,6144,69168
ordering_2026-09-12,11,case_06_distant,law5_distant,distant,27,4096,STATIC_CRN,3,32,0.03799859993159771,0.046875,393216,4417115
ordering_2026-09-12,11,case_06_distant,law5_distant,distant,28,4096,BINARY,3,4,0.18834299966692924,0.15625,49152,552503
ordering_2026-09-12,11,case_06_distant,law5_distant,distant,29,512,STATIC_ANTI,3,32,0.0139211006462574,0.015625,49152,552748
ordering_2026-09-12,11,case_06_distant,law5_distant,distant,30,4096,STATIC_ANTI,3,32,0.0381394000723958,0.046875,393216,4442596
ordering_2026-09-12,11,case_06_distant,law5_distant,distant,31,512,BINARY,3,4,0.031989299692213535,0.03125,6144,69168
ordering_2026-09-12,11,case_06_distant,law5_distant,distant,32,4096,STATIC_ANTI,4,32,0.03848160058259964,0.015625,393216,4435900
ordering_2026-09-12,11,case_06_distant,law5_distant,distant,33,4096,BINARY,4,4,0.18534430023282766,0.1875,49152,552695
ordering_2026-09-12,11,case_06_distant,law5_distant,distant,34,512,STATIC_ANTI,4,32,0.01394519954919815,0.015625,49152,549934
ordering_2026-09-12,11,case_06_distant,law5_distant,distant,35,512,MERGE,4,4,0.018018899485468864,0.015625,6144,69228
ordering_2026-09-12,11,case_06_distant,law5_distant,distant,36,512,STATIC_CRN,4,32,0.013057399541139603,0.015625,49152,551587
ordering_2026-09-12,11,case_06_distant,law5_distant,distant,37,512,BINARY,4,4,0.0314902001991868,0.03125,6144,69228
ordering_2026-09-12,11,case_06_distant,law5_distant,distant,38,4096,STATIC_CRN,4,32,0.037542300298810005,0.03125,393216,4429437
ordering_2026-09-12,11,case_06_distant,law5_distant,distant,39,4096,MERGE,4,4,0.04740170016884804,0.046875,49152,552695
ordering_2026-09-12,12,case_07_recent,law6_recent,recent,0,512,STATIC_ANTI,0,32,0.016022699885070324,0.015625,49152,1736718
ordering_2026-09-12,12,case_07_recent,law6_recent,recent,1,4096,BINARY,0,4,0.19692320004105568,0.1875,49152,1725949
ordering_2026-09-12,12,case_07_recent,law6_recent,recent,2,4096,MERGE,0,4,0.06607289984822273,0.046875,49152,1725949
ordering_2026-09-12,12,case_07_recent,law6_recent,recent,3,512,MERGE,0,4,0.02059450000524521,0.03125,6144,215588
ordering_2026-09-12,12,case_07_recent,law6_recent,recent,4,512,BINARY,0,4,0.03495800029486418,0.015625,6144,215588
ordering_2026-09-12,12,case_07_recent,law6_recent,recent,5,4096,STATIC_CRN,0,32,0.059123000130057335,0.0625,393216,13802822
ordering_2026-09-12,12,case_07_recent,law6_recent,recent,6,4096,STATIC_ANTI,0,32,0.06271389964967966,0.03125,393216,13819167
ordering_2026-09-12,12,case_07_recent,law6_recent,recent,7,512,STATIC_CRN,0,32,0.015205099247395992,0.0,49152,1728271
ordering_2026-09-12,12,case_07_recent,law6_recent,recent,8,4096,STATIC_ANTI,1,32,0.06437769997864962,0.0625,393216,13787757
ordering_2026-09-12,12,case_07_recent,law6_recent,recent,9,4096,STATIC_CRN,1,32,0.06076010037213564,0.046875,393216,13813327
ordering_2026-09-12,12,case_07_recent,law6_recent,recent,10,4096,BINARY,1,4,0.19620409980416298,0.203125,49152,1725919
ordering_2026-09-12,12,case_07_recent,law6_recent,recent,11,512,STATIC_CRN,1,32,0.016363000497221947,0.015625,49152,1728833
ordering_2026-09-12,12,case_07_recent,law6_recent,recent,12,512,MERGE,1,4,0.021481599658727646,0.015625,6144,215965
ordering_2026-09-12,12,case_07_recent,law6_recent,recent,13,4096,MERGE,1,4,0.06816829927265644,0.0625,49152,1725919
ordering_2026-09-12,12,case_07_recent,law6_recent,recent,14,512,STATIC_ANTI,1,32,0.015831800177693367,0.015625,49152,1720790
ordering_2026-09-12,12,case_07_recent,law6_recent,recent,15,512,BINARY,1,4,0.030833099968731403,0.03125,6144,215965
ordering_2026-09-12,12,case_07_recent,law6_recent,recent,16,4096,MERGE,2,4,0.06315870024263859,0.046875,49152,1725605
ordering_2026-09-12,12,case_07_recent,law6_recent,recent,17,512,BINARY,2,4,0.034062799997627735,0.03125,6144,215793
ordering_2026-09-12,12,case_07_recent,law6_recent,recent,18,512,STATIC_ANTI,2,32,0.01689739990979433,0.046875,49152,1727803
ordering_2026-09-12,12,case_07_recent,law6_recent,recent,19,4096,STATIC_CRN,2,32,0.060939100570976734,0.0625,393216,13803724
ordering_2026-09-12,12,case_07_recent,law6_recent,recent,20,4096,BINARY,2,4,0.19783070031553507,0.140625,49152,1725605
ordering_2026-09-12,12,case_07_recent,law6_recent,recent,21,512,MERGE,2,4,0.020899800583720207,0.0,6144,215793
ordering_2026-09-12,12,case_07_recent,law6_recent,recent,22,512,STATIC_CRN,2,32,0.015560400672256947,0.015625,49152,1732313
ordering_2026-09-12,12,case_07_recent,law6_recent,recent,23,4096,STATIC_ANTI,2,32,0.06201780028641224,0.046875,393216,13814989
ordering_2026-09-12,12,case_07_recent,law6_recent,recent,24,512,BINARY,3,4,0.0332615002989769,0.015625,6144,215791
ordering_2026-09-12,12,case_07_recent,law6_recent,recent,25,512,MERGE,3,4,0.02011020015925169,0.03125,6144,215791
ordering_2026-09-12,12,case_07_recent,law6_recent,recent,26,4096,STATIC_ANTI,3,32,0.061769300140440464,0.046875,393216,13848555
ordering_2026-09-12,12,case_07_recent,law6_recent,recent,27,512,STATIC_CRN,3,32,0.015340300276875496,0.015625,49152,1742656
ordering_2026-09-12,12,case_07_recent,law6_recent,recent,28,512,STATIC_ANTI,3,32,0.015797199681401253,0.015625,49152,1722861
ordering_2026-09-12,12,case_07_recent,law6_recent,recent,29,4096,STATIC_CRN,3,32,0.06220229994505644,0.046875,393216,13807614
ordering_2026-09-12,12,case_07_recent,law6_recent,recent,30,4096,MERGE,3,4,0.06910269986838102,0.078125,49152,1725911
ordering_2026-09-12,12,case_07_recent,law6_recent,recent,31,4096,BINARY,3,4,0.20318569988012314,0.1875,49152,1725911
ordering_2026-09-12,12,case_07_recent,law6_recent,recent,32,512,BINARY,4,4,0.03498280048370361,0.046875,6144,215759
ordering_2026-09-12,12,case_07_recent,law6_recent,recent,33,4096,STATIC_CRN,4,32,0.06410809978842735,0.046875,393216,13842800
ordering_2026-09-12,12,case_07_recent,law6_recent,recent,34,512,MERGE,4,4,0.020682900212705135,0.015625,6144,215759
ordering_2026-09-12,12,case_07_recent,law6_recent,recent,35,4096,BINARY,4,4,0.2052223002538085,0.21875,49152,1725959
ordering_2026-09-12,12,case_07_recent,law6_recent,recent,36,512,STATIC_ANTI,4,32,0.017455600202083588,0.015625,49152,1732956
ordering_2026-09-12,12,case_07_recent,law6_recent,recent,37,512,STATIC_CRN,4,32,0.016914399340748787,0.015625,49152,1731397
ordering_2026-09-12,12,case_07_recent,law6_recent,recent,38,4096,MERGE,4,4,0.07156680058687925,0.078125,49152,1725959
ordering_2026-09-12,12,case_07_recent,law6_recent,recent,39,4096,STATIC_ANTI,4,32,0.06984089966863394,0.0625,393216,13775913
ordering_2026-09-12,13,case_07_distant,law6_distant,distant,0,1024,STATIC_ANTI,0,32,0.026579000055789948,0.046875,98304,3462692
ordering_2026-09-12,13,case_07_distant,law6_distant,distant,1,4096,STATIC_CRN,0,32,0.07108499947935343,0.0625,393216,13806196
ordering_2026-09-12,13,case_07_distant,law6_distant,distant,2,4096,STATIC_ANTI,0,32,0.07336790021508932,0.0625,393216,13792126
ordering_2026-09-12,13,case_07_distant,law6_distant,distant,3,512,BINARY,0,4,0.03684879932552576,0.03125,6144,215761
ordering_2026-09-12,13,case_07_distant,law6_distant,distant,4,1024,BINARY,0,4,0.06263209972530603,0.0625,12288,431510
ordering_2026-09-12,13,case_07_distant,law6_distant,distant,5,1024,MERGE,0,4,0.03149989992380142,0.03125,12288,431510
ordering_2026-09-12,13,case_07_distant,law6_distant,distant,6,512,STATIC_ANTI,0,32,0.01847030036151409,0.015625,49152,1731883
ordering_2026-09-12,13,case_07_distant,law6_distant,distant,7,2048,STATIC_ANTI,0,32,0.041767300106585026,0.046875,196608,6887113
ordering_2026-09-12,13,case_07_distant,law6_distant,distant,8,1024,STATIC_CRN,0,32,0.02524259965866804,0.015625,98304,3462001
ordering_2026-09-12,13,case_07_distant,law6_distant,distant,9,2048,STATIC_CRN,0,32,0.0403911005705595,0.046875,196608,6865159
ordering_2026-09-12,13,case_07_distant,law6_distant,distant,10,2048,MERGE,0,4,0.04462890047580004,0.0625,24576,862988
ordering_2026-09-12,13,case_07_distant,law6_distant,distant,11,4096,MERGE,0,4,0.07344039995223284,0.0625,49152,1726038
ordering_2026-09-12,13,case_07_distant,law6_distant,distant,12,4096,BINARY,0,4,0.22382660023868084,0.234375,49152,1726038
ordering_2026-09-12,13,case_07_distant,law6_distant,distant,13,512,STATIC_CRN,0,32,0.019557000137865543,0.015625,49152,1723977
ordering_2026-09-12,13,case_07_distant,law6_distant,distant,14,512,MERGE,0,4,0.023556399159133434,0.015625,6144,215761
ordering_2026-09-12,13,case_07_distant,law6_distant,distant,15,2048,BINARY,0,4,0.11559089925140142,0.125,24576,862988
ordering_2026-09-12,13,case_07_distant,law6_distant,distant,16,512,STATIC_CRN,1,32,0.01842410024255514,0.015625,49152,1719953
ordering_2026-09-12,13,case_07_distant,law6_distant,distant,17,1024,BINARY,1,4,0.06677430029958487,0.046875,12288,431353
ordering_2026-09-12,13,case_07_distant,law6_distant,distant,18,512,BINARY,1,4,0.03927720058709383,0.046875,6144,216170
ordering_2026-09-12,13,case_07_distant,law6_distant,distant,19,4096,BINARY,1,4,0.2271638000383973,0.203125,49152,1725485
ordering_2026-09-12,13,case_07_distant,law6_distant,distant,20,4096,STATIC_CRN,1,32,0.07410189975053072,0.0625,393216,13819622
ordering_2026-09-12,13,case_07_distant,law6_distant,distant,21,2048,STATIC_CRN,1,32,0.04208249971270561,0.03125,196608,6884824
ordering_2026-09-12,13,case_07_distant,law6_distant,distant,22,1024,STATIC_CRN,1,32,0.026543499901890755,0.03125,98304,3447677
ordering_2026-09-12,13,case_07_distant,law6_distant,distant,23,4096,STATIC_ANTI,1,32,0.07420360017567873,0.0625,393216,13814472
ordering_2026-09-12,13,case_07_distant,law6_distant,distant,24,1024,MERGE,1,4,0.032047699205577374,0.03125,12288,431353
ordering_2026-09-12,13,case_07_distant,law6_distant,distant,25,2048,MERGE,1,4,0.04734679963439703,0.046875,24576,863125
ordering_2026-09-12,13,case_07_distant,law6_distant,distant,26,512,STATIC_ANTI,1,32,0.01827850006520748,0.015625,49152,1707915
ordering_2026-09-12,13,case_07_distant,law6_distant,distant,27,1024,STATIC_ANTI,1,32,0.027705700136721134,0.015625,98304,3440640
ordering_2026-09-12,13,case_07_distant,law6_distant,distant,28,2048,BINARY,1,4,0.11257089953869581,0.109375,24576,863125
ordering_2026-09-12,13,case_07_distant,law6_distant,distant,29,2048,STATIC_ANTI,1,32,0.04206669982522726,0.03125,196608,6906752
ordering_2026-09-12,13,case_07_distant,law6_distant,distant,30,512,MERGE,1,4,0.023173900321125984,0.03125,6144,216170
ordering_2026-09-12,13,case_07_distant,law6_distant,distant,31,4096,MERGE,1,4,0.0777233000844717,0.0625,49152,1725485
ordering_2026-09-12,13,case_07_distant,law6_distant,distant,32,512,STATIC_ANTI,2,32,0.019276699982583523,0.03125,49152,1724930
ordering_2026-09-12,13,case_07_distant,law6_distant,distant,33,4096,MERGE,2,4,0.078146000392735,0.046875,49152,1725741
ordering_2026-09-12,13,case_07_distant,law6_distant,distant,34,512,MERGE,2,4,0.024692599661648273,0.03125,6144,215825
ordering_2026-09-12,13,case_07_distant,law6_distant,distant,35,512,BINARY,2,4,0.03787290025502443,0.03125,6144,215825
ordering_2026-09-12,13,case_07_distant,law6_distant,distant,36,2048,STATIC_ANTI,2,32,0.04242079984396696,0.046875,196608,6931363
ordering_2026-09-12,13,case_07_distant,law6_distant,distant,37,512,STATIC_CRN,2,32,0.01785899978131056,0.015625,49152,1728412
ordering_2026-09-12,13,case_07_distant,law6_distant,distant,38,1024,STATIC_ANTI,2,32,0.02626040019094944,0.03125,98304,3448194
ordering_2026-09-12,13,case_07_distant,law6_distant,distant,39,2048,MERGE,2,4,0.04692719969898462,0.046875,24576,863083
ordering_2026-09-12,13,case_07_distant,law6_distant,distant,40,2048,STATIC_CRN,2,32,0.041598900221288204,0.015625,196608,6909934
ordering_2026-09-12,13,case_07_distant,law6_distant,distant,41,1024,STATIC_CRN,2,32,0.0260476004332304,0.046875,98304,3447618
ordering_2026-09-12,13,case_07_distant,law6_distant,distant,42,1024,MERGE,2,4,0.031486399471759796,0.03125,12288,431428
ordering_2026-09-12,13,case_07_distant,law6_distant,distant,43,4096,STATIC_ANTI,2,32,0.07283789943903685,0.0625,393216,13839354
ordering_2026-09-12,13,case_07_distant,law6_distant,distant,44,2048,BINARY,2,4,0.11292869970202446,0.109375,24576,863083
ordering_2026-09-12,13,case_07_distant,law6_distant,distant,45,1024,BINARY,2,4,0.06182119995355606,0.0625,12288,431428
ordering_2026-09-12,13,case_07_distant,law6_distant,distant,46,4096,BINARY,2,4,0.22034200001507998,0.203125,49152,1725741
ordering_2026-09-12,13,case_07_distant,law6_distant,distant,47,4096,STATIC_CRN,2,32,0.07342789974063635,0.0625,393216,13799394
ordering_2026-09-12,13,case_07_distant,law6_distant,distant,48,512,BINARY,3,4,0.037092300131917,0.03125,6144,215407
ordering_2026-09-12,13,case_07_distant,law6_distant,distant,49,1024,BINARY,3,4,0.06194780021905899,0.0625,12288,431557
ordering_2026-09-12,13,case_07_distant,law6_distant,distant,50,2048,STATIC_CRN,3,32,0.04186610039323568,0.046875,196608,6903752
ordering_2026-09-12,13,case_07_distant,law6_distant,distant,51,2048,BINARY,3,4,0.11722060013562441,0.109375,24576,862867
ordering_2026-09-12,13,case_07_distant,law6_distant,distant,52,512,MERGE,3,4,0.024488499388098717,0.015625,6144,215407
ordering_2026-09-12,13,case_07_distant,law6_distant,distant,53,1024,STATIC_ANTI,3,32,0.027408200316131115,0.03125,98304,3431819
ordering_2026-09-12,13,case_07_distant,law6_distant,distant,54,4096,STATIC_CRN,3,32,0.0793078001588583,0.0625,393216,13817325
ordering_2026-09-12,13,case_07_distant,law6_distant,distant,55,4096,BINARY,3,4,0.23196979984641075,0.203125,49152,1726059
ordering_2026-09-12,13,case_07_distant,law6_distant,distant,56,2048,STATIC_ANTI,3,32,0.04379000049084425,0.046875,196608,6909494
ordering_2026-09-12,13,case_07_distant,law6_distant,distant,57,1024,STATIC_CRN,3,32,0.027179500088095665,0.03125,98304,3452004
ordering_2026-09-12,13,case_07_distant,law6_distant,distant,58,4096,STATIC_ANTI,3,32,0.07419580034911633,0.046875,393216,13780592
ordering_2026-09-12,13,case_07_distant,law6_distant,distant,59,1024,MERGE,3,4,0.03181010019034147,0.046875,12288,431557
ordering_2026-09-12,13,case_07_distant,law6_distant,distant,60,4096,MERGE,3,4,0.07628769986331463,0.046875,49152,1726059
ordering_2026-09-12,13,case_07_distant,law6_distant,distant,61,512,STATIC_CRN,3,32,0.017937300726771355,0.03125,49152,1730822
ordering_2026-09-12,13,case_07_distant,law6_distant,distant,62,512,STATIC_ANTI,3,32,0.01834229938685894,0.015625,49152,1709628
ordering_2026-09-12,13,case_07_distant,law6_distant,distant,63,2048,MERGE,3,4,0.04672339931130409,0.03125,24576,862867
ordering_2026-09-12,13,case_07_distant,law6_distant,distant,64,1024,BINARY,4,4,0.06310909986495972,0.046875,12288,431534
ordering_2026-09-12,13,case_07_distant,law6_distant,distant,65,512,MERGE,4,4,0.02361229993402958,0.015625,6144,215848
ordering_2026-09-12,13,case_07_distant,law6_distant,distant,66,1024,STATIC_ANTI,4,32,0.02658979967236519,0.03125,98304,3469040
ordering_2026-09-12,13,case_07_distant,law6_distant,distant,67,2048,MERGE,4,4,0.046636899933218956,0.046875,24576,862994
ordering_2026-09-12,13,case_07_distant,law6_distant,distant,68,1024,STATIC_CRN,4,32,0.026670999825000763,0.015625,98304,3449041
ordering_2026-09-12,13,case_07_distant,law6_distant,distant,69,512,BINARY,4,4,0.03803460020571947,0.046875,6144,215848
ordering_2026-09-12,13,case_07_distant,law6_distant,distant,70,4096,MERGE,4,4,0.07542589958757162,0.0625,49152,1725824
ordering_2026-09-12,13,case_07_distant,law6_distant,distant,71,4096,BINARY,4,4,0.22024529986083508,0.203125,49152,1725824
ordering_2026-09-12,13,case_07_distant,law6_distant,distant,72,4096,STATIC_CRN,4,32,0.07272960059344769,0.078125,393216,13802652
ordering_2026-09-12,13,case_07_distant,law6_distant,distant,73,1024,MERGE,4,4,0.03209670074284077,0.046875,12288,431534
ordering_2026-09-12,13,case_07_distant,law6_distant,distant,74,2048,STATIC_CRN,4,32,0.04203320015221834,0.03125,196608,6898202
ordering_2026-09-12,13,case_07_distant,law6_distant,distant,75,2048,STATIC_ANTI,4,32,0.042041500099003315,0.046875,196608,6875247
ordering_2026-09-12,13,case_07_distant,law6_distant,distant,76,4096,STATIC_ANTI,4,32,0.07255360018461943,0.0625,393216,13771776
ordering_2026-09-12,13,case_07_distant,law6_distant,distant,77,512,STATIC_ANTI,4,32,0.01797490008175373,0.015625,49152,1719643
ordering_2026-09-12,13,case_07_distant,law6_distant,distant,78,512,STATIC_CRN,4,32,0.01744040008634329,0.015625,49152,1717918
ordering_2026-09-12,13,case_07_distant,law6_distant,distant,79,2048,BINARY,4,4,0.11087709944695234,0.109375,24576,862994
ordering_2026-09-12,14,case_08_recent,law7_recent,recent,0,4096,BINARY,0,4,0.22220980003476143,0.203125,49152,1737004
ordering_2026-09-12,14,case_08_recent,law7_recent,recent,1,4096,STATIC_CRN,0,32,0.07473419979214668,0.078125,393216,13898425
ordering_2026-09-12,14,case_08_recent,law7_recent,recent,2,512,STATIC_ANTI,0,32,0.018663199618458748,0.015625,49152,1728930
ordering_2026-09-12,14,case_08_recent,law7_recent,recent,3,512,STATIC_CRN,0,32,0.018451599404215813,0.015625,49152,1732816
ordering_2026-09-12,14,case_08_recent,law7_recent,recent,4,512,MERGE,0,4,0.023280899971723557,0.03125,6144,217095
ordering_2026-09-12,14,case_08_recent,law7_recent,recent,5,512,BINARY,0,4,0.03704550024122,0.03125,6144,217095
ordering_2026-09-12,14,case_08_recent,law7_recent,recent,6,4096,STATIC_ANTI,0,32,0.0730361994355917,0.078125,393216,13854734
ordering_2026-09-12,14,case_08_recent,law7_recent,recent,7,4096,MERGE,0,4,0.07475259993225336,0.0625,49152,1737004
ordering_2026-09-12,14,case_08_recent,law7_recent,recent,8,512,STATIC_CRN,1,32,0.017836899496614933,0.015625,49152,1738391
ordering_2026-09-12,14,case_08_recent,law7_recent,recent,9,512,MERGE,1,4,0.023985199630260468,0.046875,6144,217201
ordering_2026-09-12,14,case_08_recent,law7_recent,recent,10,4096,MERGE,1,4,0.07617380004376173,0.078125,49152,1737472
ordering_2026-09-12,14,case_08_recent,law7_recent,recent,11,512,BINARY,1,4,0.03724709991365671,0.03125,6144,217201
ordering_2026-09-12,14,case_08_recent,law7_recent,recent,12,512,STATIC_ANTI,1,32,0.019520100206136703,0.015625,49152,1728082
ordering_2026-09-12,14,case_08_recent,law7_recent,recent,13,4096,BINARY,1,4,0.22347430046647787,0.21875,49152,1737472
ordering_2026-09-12,14,case_08_recent,law7_recent,recent,14,4096,STATIC_ANTI,1,32,0.07651249971240759,0.046875,393216,13895610
ordering_2026-09-12,14,case_08_recent,law7_recent,recent,15,4096,STATIC_CRN,1,32,0.07404670026153326,0.0625,393216,13894675
ordering_2026-09-12,14,case_08_recent,law7_recent,recent,16,4096,MERGE,2,4,0.07878039963543415,0.09375,49152,1737327
ordering_2026-09-12,14,case_08_recent,law7_recent,recent,17,512,MERGE,2,4,0.023872199468314648,0.03125,6144,217079
ordering_2026-09-12,14,case_08_recent,law7_recent,recent,18,4096,STATIC_CRN,2,32,0.07579939998686314,0.078125,393216,13870211
ordering_2026-09-12,14,case_08_recent,law7_recent,recent,19,4096,BINARY,2,4,0.22482409980148077,0.203125,49152,1737327
ordering_2026-09-12,14,case_08_recent,law7_recent,recent,20,512,BINARY,2,4,0.03873259946703911,0.03125,6144,217079
ordering_2026-09-12,14,case_08_recent,law7_recent,recent,21,512,STATIC_ANTI,2,32,0.02069719973951578,0.03125,49152,1741996
ordering_2026-09-12,14,case_08_recent,law7_recent,recent,22,512,STATIC_CRN,2,32,0.02191529981791973,0.015625,49152,1734191
ordering_2026-09-12,14,case_08_recent,law7_recent,recent,23,4096,STATIC_ANTI,2,32,0.07940510008484125,0.078125,393216,13905102
ordering_2026-09-12,14,case_08_recent,law7_recent,recent,24,4096,STATIC_CRN,3,32,0.07686710078269243,0.078125,393216,13903784
ordering_2026-09-12,14,case_08_recent,law7_recent,recent,25,4096,BINARY,3,4,0.2309985002502799,0.1875,49152,1736933
ordering_2026-09-12,14,case_08_recent,law7_recent,recent,26,512,STATIC_CRN,3,32,0.018667399883270264,0.015625,49152,1735357
ordering_2026-09-12,14,case_08_recent,law7_recent,recent,27,4096,STATIC_ANTI,3,32,0.07683739997446537,0.078125,393216,13859426
ordering_2026-09-12,14,case_08_recent,law7_recent,recent,28,4096,MERGE,3,4,0.07705600000917912,0.09375,49152,1736933
ordering_2026-09-12,14,case_08_recent,law7_recent,recent,29,512,STATIC_ANTI,3,32,0.019628499634563923,0.015625,49152,1722528
ordering_2026-09-12,14,case_08_recent,law7_recent,recent,30,512,BINARY,3,4,0.03801780007779598,0.03125,6144,217135
ordering_2026-09-12,14,case_08_recent,law7_recent,recent,31,512,MERGE,3,4,0.024806199595332146,0.03125,6144,217135
ordering_2026-09-12,14,case_08_recent,law7_recent,recent,32,512,BINARY,4,4,0.037885500118136406,0.046875,6144,217227
ordering_2026-09-12,14,case_08_recent,law7_recent,recent,33,4096,MERGE,4,4,0.0781433004885912,0.078125,49152,1737370
ordering_2026-09-12,14,case_08_recent,law7_recent,recent,34,4096,STATIC_CRN,4,32,0.08829119987785816,0.03125,393216,13908881
ordering_2026-09-12,14,case_08_recent,law7_recent,recent,35,512,STATIC_CRN,4,32,0.022276400588452816,0.0625,49152,1738088
ordering_2026-09-12,14,case_08_recent,law7_recent,recent,36,512,STATIC_ANTI,4,32,0.022795299999415874,0.015625,49152,1734156
ordering_2026-09-12,14,case_08_recent,law7_recent,recent,37,512,MERGE,4,4,0.02810200024396181,0.03125,6144,217227
ordering_2026-09-12,14,case_08_recent,law7_recent,recent,38,4096,BINARY,4,4,0.23564279917627573,0.234375,49152,1737370
ordering_2026-09-12,14,case_08_recent,law7_recent,recent,39,4096,STATIC_ANTI,4,32,0.07777710072696209,0.0625,393216,13864334
ordering_2026-09-12,15,case_08_distant,law7_distant,distant,0,2048,STATIC_ANTI,0,32,0.04250570014119148,0.03125,196608,6950752
ordering_2026-09-12,15,case_08_distant,law7_distant,distant,1,2048,STATIC_CRN,0,32,0.04619949962943792,0.03125,196608,6954312
ordering_2026-09-12,15,case_08_distant,law7_distant,distant,2,1024,STATIC_CRN,0,32,0.026353999972343445,0.03125,98304,3478412
ordering_2026-09-12,15,case_08_distant,law7_distant,distant,3,512,BINARY,0,4,0.036511399783194065,0.03125,6144,217192
ordering_2026-09-12,15,case_08_distant,law7_distant,distant,4,512,STATIC_ANTI,0,32,0.018562800250947475,0.015625,49152,1724130
ordering_2026-09-12,15,case_08_distant,law7_distant,distant,5,4096,STATIC_ANTI,0,32,0.07357309944927692,0.078125,393216,13900318
ordering_2026-09-12,15,case_08_distant,law7_distant,distant,6,512,MERGE,0,4,0.0233622994273901,0.015625,6144,217192
ordering_2026-09-12,15,case_08_distant,law7_distant,distant,7,2048,MERGE,0,4,0.04665770009160042,0.046875,24576,868407
ordering_2026-09-12,15,case_08_distant,law7_distant,distant,8,4096,MERGE,0,4,0.07416350021958351,0.078125,49152,1737384
ordering_2026-09-12,15,case_08_distant,law7_distant,distant,9,4096,STATIC_CRN,0,32,0.07705639954656363,0.078125,393216,13916926
ordering_2026-09-12,15,case_08_distant,law7_distant,distant,10,4096,BINARY,0,4,0.22431629989296198,0.203125,49152,1737384
ordering_2026-09-12,15,case_08_distant,law7_distant,distant,11,1024,BINARY,0,4,0.061528200283646584,0.0625,12288,434265
ordering_2026-09-12,15,case_08_distant,law7_distant,distant,12,2048,BINARY,0,4,0.1123302998021245,0.125,24576,868407
ordering_2026-09-12,15,case_08_distant,law7_distant,distant,13,512,STATIC_CRN,0,32,0.018527100794017315,0.015625,49152,1731210
ordering_2026-09-12,15,case_08_distant,law7_distant,distant,14,1024,STATIC_ANTI,0,32,0.026669600047171116,0.015625,98304,3481466
ordering_2026-09-12,15,case_08_distant,law7_distant,distant,15,1024,MERGE,0,4,0.03162490017712116,0.03125,12288,434265
ordering_2026-09-12,15,case_08_distant,law7_distant,distant,16,4096,STATIC_CRN,1,32,0.07549799978733063,0.09375,393216,13890780
ordering_2026-09-12,15,case_08_distant,law7_distant,distant,17,4096,BINARY,1,4,0.22264589928090572,0.1875,49152,1737318
ordering_2026-09-12,15,case_08_distant,law7_distant,distant,18,4096,STATIC_ANTI,1,32,0.07561230007559061,0.0625,393216,13932210
ordering_2026-09-12,15,case_08_distant,law7_distant,distant,19,1024,STATIC_ANTI,1,32,0.02709219977259636,0.0,98304,3475640
ordering_2026-09-12,15,case_08_distant,law7_distant,distant,20,512,STATIC_CRN,1,32,0.018269400112330914,0.03125,49152,1742470
ordering_2026-09-12,15,case_08_distant,law7_distant,distant,21,512,STATIC_ANTI,1,32,0.018688700161874294,0.015625,49152,1737560
ordering_2026-09-12,15,case_08_distant,law7_distant,distant,22,512,MERGE,1,4,0.024756199680268764,0.03125,6144,217435
ordering_2026-09-12,15,case_08_distant,law7_distant,distant,23,2048,MERGE,1,4,0.04794379975646734,0.046875,24576,868680
ordering_2026-09-12,15,case_08_distant,law7_distant,distant,24,1024,STATIC_CRN,1,32,0.026590299792587757,0.015625,98304,3490152
ordering_2026-09-12,15,case_08_distant,law7_distant,distant,25,2048,STATIC_ANTI,1,32,0.042903599329292774,0.046875,196608,6967236
ordering_2026-09-12,15,case_08_distant,law7_distant,distant,26,1024,MERGE,1,4,0.03267629910260439,0.03125,12288,434354
ordering_2026-09-12,15,case_08_distant,law7_distant,distant,27,2048,STATIC_CRN,1,32,0.04262570012360811,0.0625,196608,6961836
ordering_2026-09-12,15,case_08_distant,law7_distant,distant,28,4096,MERGE,1,4,0.07562080025672913,0.046875,49152,1737318
ordering_2026-09-12,15,case_08_distant,law7_distant,distant,29,1024,BINARY,1,4,0.06187939923256636,0.0625,12288,434354
ordering_2026-09-12,15,case_08_distant,law7_distant,distant,30,2048,BINARY,1,4,0.11280900053679943,0.109375,24576,868680
ordering_2026-09-12,15,case_08_distant,law7_distant,distant,31,512,BINARY,1,4,0.03663880005478859,0.046875,6144,217435
ordering_2026-09-12,15,case_08_distant,law7_distant,distant,32,4096,BINARY,2,4,0.22363159991800785,0.203125,49152,1737119
ordering_2026-09-12,15,case_08_distant,law7_distant,distant,33,1024,BINARY,2,4,0.06450830027461052,0.0625,12288,434407
ordering_2026-09-12,15,case_08_distant,law7_distant,distant,34,1024,STATIC_CRN,2,32,0.026332099922001362,0.015625,98304,3471253
ordering_2026-09-12,15,case_08_distant,law7_distant,distant,35,512,STATIC_ANTI,2,32,0.018757499754428864,0.015625,49152,1748090
ordering_2026-09-12,15,case_08_distant,law7_distant,distant,36,2048,MERGE,2,4,0.04710850026458502,0.046875,24576,868471
ordering_2026-09-12,15,case_08_distant,law7_distant,distant,37,1024,MERGE,2,4,0.03229550085961819,0.03125,12288,434407
ordering_2026-09-12,15,case_08_distant,law7_distant,distant,38,1024,STATIC_ANTI,2,32,0.02765529975295067,0.03125,98304,3479576
ordering_2026-09-12,15,case_08_distant,law7_distant,distant,39,4096,MERGE,2,4,0.07662920001894236,0.078125,49152,1737119
ordering_2026-09-12,15,case_08_distant,law7_distant,distant,40,2048,STATIC_ANTI,2,32,0.04379909951239824,0.046875,196608,6923146
ordering_2026-09-12,15,case_08_distant,law7_distant,distant,41,4096,STATIC_ANTI,2,32,0.07413879968225956,0.0625,393216,13883198
ordering_2026-09-12,15,case_08_distant,law7_distant,distant,42,4096,STATIC_CRN,2,32,0.07432490028440952,0.0625,393216,13877161
ordering_2026-09-12,15,case_08_distant,law7_distant,distant,43,512,BINARY,2,4,0.03682379983365536,0.015625,6144,217201
ordering_2026-09-12,15,case_08_distant,law7_distant,distant,44,512,MERGE,2,4,0.022829699330031872,0.015625,6144,217201
ordering_2026-09-12,15,case_08_distant,law7_distant,distant,45,2048,BINARY,2,4,0.10990909952670336,0.09375,24576,868471
ordering_2026-09-12,15,case_08_distant,law7_distant,distant,46,2048,STATIC_CRN,2,32,0.041305599734187126,0.046875,196608,6963979
ordering_2026-09-12,15,case_08_distant,law7_distant,distant,47,512,STATIC_CRN,2,32,0.018301899544894695,0.015625,49152,1743375
ordering_2026-09-12,15,case_08_distant,law7_distant,distant,48,512,STATIC_ANTI,3,32,0.018582300283014774,0.015625,49152,1728750
ordering_2026-09-12,15,case_08_distant,law7_distant,distant,49,4096,MERGE,3,4,0.07502760086208582,0.0625,49152,1737191
ordering_2026-09-12,15,case_08_distant,law7_distant,distant,50,2048,STATIC_CRN,3,32,0.04195669945329428,0.046875,196608,6948815
ordering_2026-09-12,15,case_08_distant,law7_distant,distant,51,2048,STATIC_ANTI,3,32,0.042306000366806984,0.046875,196608,6966972
ordering_2026-09-12,15,case_08_distant,law7_distant,distant,52,512,BINARY,3,4,0.03628650028258562,0.03125,6144,217590
ordering_2026-09-12,15,case_08_distant,law7_distant,distant,53,2048,BINARY,3,4,0.11143819987773895,0.09375,24576,868478
ordering_2026-09-12,15,case_08_distant,law7_distant,distant,54,1024,STATIC_ANTI,3,32,0.026946700178086758,0.03125,98304,3458820
ordering_2026-09-12,15,case_08_distant,law7_distant,distant,55,2048,MERGE,3,4,0.04719810001552105,0.0625,24576,868478
ordering_2026-09-12,15,case_08_distant,law7_distant,distant,56,4096,STATIC_CRN,3,32,0.07380960043519735,0.046875,393216,13892240
ordering_2026-09-12,15,case_08_distant,law7_distant,distant,57,4096,BINARY,3,4,0.21509940084069967,0.1875,49152,1737191
ordering_2026-09-12,15,case_08_distant,law7_distant,distant,58,512,MERGE,3,4,0.02234010025858879,0.015625,6144,217590
ordering_2026-09-12,15,case_08_distant,law7_distant,distant,59,512,STATIC_CRN,3,32,0.017459899187088013,0.015625,49152,1729599
ordering_2026-09-12,15,case_08_distant,law7_distant,distant,60,1024,STATIC_CRN,3,32,0.025368799455463886,0.03125,98304,3475463
ordering_2026-09-12,15,case_08_distant,law7_distant,distant,61,1024,MERGE,3,4,0.03124260064214468,0.015625,12288,434281
ordering_2026-09-12,15,case_08_distant,law7_distant,distant,62,1024,BINARY,3,4,0.0605711005628109,0.0625,12288,434281
ordering_2026-09-12,15,case_08_distant,law7_distant,distant,63,4096,STATIC_ANTI,3,32,0.07256689947098494,0.0625,393216,13932580
ordering_2026-09-12,15,case_08_distant,law7_distant,distant,64,2048,STATIC_ANTI,4,32,0.041282800026237965,0.046875,196608,6934938
ordering_2026-09-12,15,case_08_distant,law7_distant,distant,65,512,MERGE,4,4,0.02263540029525757,0.015625,6144,217228
ordering_2026-09-12,15,case_08_distant,law7_distant,distant,66,512,BINARY,4,4,0.03706279955804348,0.03125,6144,217228
ordering_2026-09-12,15,case_08_distant,law7_distant,distant,67,4096,STATIC_CRN,4,32,0.07539109978824854,0.078125,393216,13894988
ordering_2026-09-12,15,case_08_distant,law7_distant,distant,68,4096,MERGE,4,4,0.07624719943851233,0.078125,49152,1737179
ordering_2026-09-12,15,case_08_distant,law7_distant,distant,69,2048,BINARY,4,4,0.11705520004034042,0.125,24576,868677
ordering_2026-09-12,15,case_08_distant,law7_distant,distant,70,4096,BINARY,4,4,0.22146699950098991,0.1875,49152,1737179
ordering_2026-09-12,15,case_08_distant,law7_distant,distant,71,1024,MERGE,4,4,0.03194640018045902,0.03125,12288,434630
ordering_2026-09-12,15,case_08_distant,law7_distant,distant,72,2048,MERGE,4,4,0.046758499927818775,0.03125,24576,868677
ordering_2026-09-12,15,case_08_distant,law7_distant,distant,73,1024,BINARY,4,4,0.0658425996080041,0.046875,12288,434630
ordering_2026-09-12,15,case_08_distant,law7_distant,distant,74,1024,STATIC_CRN,4,32,0.02689289953559637,0.03125,98304,3476154
ordering_2026-09-12,15,case_08_distant,law7_distant,distant,75,2048,STATIC_CRN,4,32,0.04445690009742975,0.03125,196608,6944062
ordering_2026-09-12,15,case_08_distant,law7_distant,distant,76,1024,STATIC_ANTI,4,32,0.027395199984312057,0.03125,98304,3476150
ordering_2026-09-12,15,case_08_distant,law7_distant,distant,77,512,STATIC_CRN,4,32,0.018100700341165066,0.015625,49152,1736340
ordering_2026-09-12,15,case_08_distant,law7_distant,distant,78,4096,STATIC_ANTI,4,32,0.07465399987995625,0.0625,393216,13926316
ordering_2026-09-12,15,case_08_distant,law7_distant,distant,79,512,STATIC_ANTI,4,32,0.018694499507546425,0.015625,49152,1730104
